model_name,threshold,single_evaluation_metric,train_distribution,test_distribution,train_win_rate,test_win_rate
V1,"[0, 0.45, 1]",3.025091685174937,"[37.34939759036144, 62.65060240963856]","[40.75949367088608, 59.24050632911393]","[70.28862478777589, 69.83805668016194]","[74.53416149068323, 68.80341880341881]"
V1,"[0, 0.5, 1]",2.715454005367743,"[39.12492073557387, 60.87507926442613]","[41.77215189873418, 58.22784810126582]","[70.17828200972447, 69.89583333333333]","[74.54545454545455, 68.69565217391305]"
V1,"[0, 0.55, 1]",2.9529549629904643,"[41.217501585288524, 58.78249841471148]","[44.303797468354425, 55.69620253164557]","[70.61538461538461, 69.57928802588997]","[74.85714285714286, 68.18181818181817]"
V1,"[0, 0.6, 1]",3.749281224997299,"[43.119847812301835, 56.880152187698165]","[47.34177215189874, 52.65822784810127]","[70.88235294117648, 69.3422519509476]","[75.40106951871658, 67.3076923076923]"
V1,"[0, 0.65, 1]",3.7754688287993172,"[45.14901712111604, 54.85098287888396]","[49.11392405063291, 50.8860759493671]","[71.06741573033707, 69.13294797687861]","[75.77319587628865, 66.66666666666666]"
V1,"[0, 0.7, 1]",3.5717927485962306,"[47.05136334812936, 52.94863665187064]","[50.37974683544304, 49.62025316455696]","[71.02425876010781, 69.10179640718563]","[75.87939698492463, 66.3265306122449]"
V1,"[0, 0.75, 1]",2.5159816869395115,"[49.33417882054534, 50.66582117945466]","[52.151898734177216, 47.848101265822784]","[71.0796915167095, 68.96120150187734]","[74.27184466019418, 67.72486772486772]"
V1,"[0, 0.8, 1]",2.721067745935869,"[51.363348129359544, 48.636651870640456]","[54.936708860759495, 45.063291139240505]","[70.98765432098766, 68.97001303780965]","[73.73271889400922, 67.97752808988764]"
V1,"[0, 0.85, 1]",3.1817699573885285,"[54.914394419784394, 45.0856055802156]","[59.24050632911393, 40.75949367088608]","[70.78521939953811, 69.05766526019691]","[73.50427350427351, 67.70186335403726]"
V1,"[0, 0.9, 1]",2.814942385853449,"[60.68484464172479, 39.315155358275206]","[65.31645569620254, 34.68354430379747]","[70.74190177638454, 68.87096774193549]","[72.48062015503875, 68.61313868613139]"
V2,"[0, 0.45, 1]",1.9554178213396796,"[53.963221306277745, 46.036778693722255]","[51.64556962025316, 48.35443037974684]","[67.21504112808461, 73.27823691460054]","[66.66666666666666, 75.91623036649214]"
V2,"[0, 0.5, 1]",2.313638704035734,"[54.914394419784394, 45.0856055802156]","[52.151898734177216, 47.848101265822784]","[67.32101616628175, 73.27707454289732]","[66.50485436893204, 76.19047619047619]"
V2,"[0, 0.55, 1]",2.697198941197115,"[56.62650602409639, 43.373493975903614]","[52.911392405063296, 47.08860759493671]","[67.63717805151175, 73.09941520467837]","[66.98564593301435, 75.80645161290323]"
V2,"[0, 0.6, 1]",2.319611082566748,"[57.89473684210527, 42.10526315789473]","[54.43037974683544, 45.56962025316456]","[67.57940854326397, 73.3433734939759]","[67.44186046511628, 75.55555555555556]"
V2,"[0, 0.65, 1]",2.404334411733453,"[58.845909955611916, 41.154090044388084]","[55.69620253164557, 44.303797468354425]","[67.78017241379311, 73.18952234206472]","[67.27272727272727, 76.0]"
V2,"[0, 0.7, 1]",3.043835237202307,"[60.5580215599239, 39.44197844007609]","[56.45569620253165, 43.54430379746835]","[68.06282722513089, 72.9903536977492]","[67.2645739910314, 76.16279069767442]"
V2,"[0, 0.75, 1]",3.5473406142428967,"[62.84083703233989, 37.159162967660116]","[58.22784810126582, 41.77215189873418]","[68.51664984863774, 72.52559726962457]","[67.3913043478261, 76.36363636363637]"
V2,"[0, 0.8, 1]",3.5675396202996907,"[65.50412175015853, 34.495878249841475]","[61.26582278481013, 38.734177215189874]","[68.6350435624395, 72.61029411764706]","[67.35537190082644, 77.12418300653596]"
V2,"[0, 0.85, 1]",1.3506090840131222,"[69.94292961318959, 30.0570703868104]","[68.60759493670886, 31.39240506329114]","[68.44968268359021, 73.62869198312237]","[69.00369003690037, 75.80645161290323]"
V2,"[0, 0.9, 1]",2.3892288891567466,"[74.38173747622068, 25.61826252377933]","[72.40506329113924, 27.59493670886076]","[68.37169650468883, 74.75247524752476]","[67.83216783216784, 79.81651376146789]"
V3,"[0, 0.45, 1]",2.0225332917969725,"[81.16677235256817, 18.833227647431833]","[81.77215189873418, 18.227848101265824]","[69.453125, 72.39057239057239]","[69.3498452012384, 79.16666666666666]"
V3,"[0, 0.5, 1]",2.087584020189405,"[83.19594166138236, 16.80405833861763]","[84.30379746835443, 15.69620253164557]","[69.35975609756098, 73.20754716981132]","[69.66966966966966, 79.03225806451613]"
V3,"[0, 0.55, 1]",1.1132645791882783,"[86.42993024730501, 13.570069752694991]","[86.32911392405063, 13.670886075949367]","[69.62582538517975, 72.42990654205607]","[70.38123167155426, 75.92592592592592]"
V3,"[0, 0.6, 1]",1.4625784278832183,"[88.64933417882055, 11.350665821179454]","[88.60759493670885, 11.39240506329114]","[69.67095851216023, 72.62569832402235]","[70.28571428571428, 77.77777777777779]"
V3,"[0, 0.65, 1]",0.620399481064895,"[90.29803424223208, 9.701965757767914]","[90.12658227848101, 9.873417721518987]","[69.45224719101124, 75.16339869281046]","[70.78651685393258, 74.35897435897436]"
V3,"[0, 0.7, 1]",0.8213230350736858,"[91.75649968294229, 8.243500317057704]","[90.88607594936708, 9.113924050632912]","[69.5922598479613, 74.61538461538461]","[70.75208913649024, 75.0]"
V3,"[0, 0.75, 1]",1.3688123850440006,"[92.89790741915029, 7.102092580849714]","[92.15189873417722, 7.848101265822785]","[69.48805460750853, 76.78571428571429]","[70.87912087912088, 74.19354838709677]"
V3,"[0, 0.8, 1]",2.2749937525774255,"[95.3709575142676, 4.629042485732404]","[94.9367088607595, 5.063291139240507]","[69.68085106382979, 76.71232876712328]","[71.2, 70.0]"
V3,"[0, 0.85, 1]",0.5120786201285045,"[96.00507292327204, 3.9949270767279645]","[95.69620253164557, 4.30379746835443]","[69.74900924702774, 76.19047619047619]","[70.8994708994709, 76.47058823529412]"
V3,"[0, 0.9, 1]",1.2907852769397543,"[96.51236525047558, 3.487634749524413]","[96.45569620253166, 3.5443037974683547]","[69.84231274638634, 74.54545454545455]","[70.86614173228347, 78.57142857142857]"
V4,"[0, 0.45, 1]",1.8840445827994716,"[16.930881420418515, 83.06911857958148]","[15.69620253164557, 84.30379746835443]","[62.92134831460674, 71.45038167938931]","[59.67741935483871, 73.27327327327328]"
V4,"[0, 0.5, 1]",1.583818234577027,"[19.403931515535827, 80.59606848446417]","[17.468354430379744, 82.53164556962025]","[62.091503267973856, 71.91188040912667]","[63.76811594202898, 72.69938650306749]"
V4,"[0, 0.55, 1]",1.675343427079576,"[22.57450856055802, 77.42549143944197]","[20.0, 80.0]","[64.04494382022472, 71.74447174447175]","[64.55696202531645, 72.78481012658227]"
V4,"[0, 0.6, 1]",1.8819374345306734,"[26.12555485098288, 73.87444514901712]","[23.037974683544306, 76.9620253164557]","[65.77669902912622, 71.50214592274679]","[65.93406593406593, 72.69736842105263]"
V4,"[0, 0.65, 1]",1.9399242764620404,"[32.27647431832594, 67.72352568167406]","[29.367088607594937, 70.63291139240506]","[67.58349705304518, 71.16104868913857]","[67.24137931034483, 72.75985663082437]"
V4,"[0, 0.7, 1]",1.6402797831842726,"[44.324667089410276, 55.675332910589724]","[45.063291139240505, 54.936708860759495]","[68.52646638054364, 71.18451025056947]","[72.47191011235955, 70.04608294930875]"
V4,"[0, 0.75, 1]",0.7923551161841402,"[49.65123652504756, 50.34876347495244]","[49.36708860759494, 50.63291139240506]","[69.34865900383141, 70.65491183879094]","[71.7948717948718, 70.5]"
V4,"[0, 0.8, 1]",1.317681764806606,"[52.50475586556753, 47.49524413443247]","[51.392405063291136, 48.60759493670886]","[69.32367149758454, 70.76101468624833]","[71.92118226600985, 70.3125]"
V4,"[0, 0.85, 1]",1.2068202484575998,"[54.59733671528218, 45.40266328471782]","[53.92405063291139, 46.07594936708861]","[69.57026713124273, 70.53072625698324]","[72.30046948356808, 69.78021978021978]"
V4,"[0, 0.9, 1]",1.87974880134972,"[59.606848446417246, 40.393151553582754]","[59.74683544303797, 40.25316455696203]","[69.68085106382979, 70.48665620094191]","[73.72881355932203, 67.29559748427673]"
V5,"[0, 0.45, 1]",2.126488258713687,"[49.65123652504756, 50.34876347495244]","[52.40506329113924, 47.59493670886076]","[63.85696040868455, 76.0705289672544]","[64.73429951690821, 78.19148936170212]"
V5,"[0, 0.5, 1]",1.5562178680125136,"[50.66582117945466, 49.33417882054534]","[52.40506329113924, 47.59493670886076]","[63.829787234042556, 76.34961439588689]","[64.73429951690821, 78.19148936170212]"
V5,"[0, 0.55, 1]",1.5267645376464216,"[51.23652504755866, 48.76347495244134]","[52.911392405063296, 47.08860759493671]","[63.73762376237624, 76.59297789336802]","[64.5933014354067, 78.49462365591397]"
V5,"[0, 0.6, 1]",1.9163464456518362,"[52.06087507926442, 47.93912492073558]","[54.43037974683544, 45.56962025316456]","[64.06820950060902, 76.45502645502646]","[65.11627906976744, 78.33333333333333]"
V5,"[0, 0.65, 1]",2.5023082954703053,"[52.63157894736842, 47.368421052631575]","[55.949367088607595, 44.050632911392405]","[64.33734939759036, 76.30522088353415]","[64.70588235294117, 79.3103448275862]"
V5,"[0, 0.7, 1]",1.9669328636500651,"[53.83639822447685, 46.16360177552315]","[56.20253164556962, 43.79746835443038]","[64.54652532391049, 76.37362637362637]","[64.86486486486487, 79.1907514450867]"
V5,"[0, 0.75, 1]",1.5968070198502833,"[55.23145212428662, 44.76854787571338]","[56.9620253164557, 43.037974683544306]","[64.17910447761194, 77.19546742209631]","[64.88888888888889, 79.41176470588235]"
V5,"[0, 0.8, 1]",1.305263907717931,"[56.24603677869372, 43.75396322130628]","[57.46835443037974, 42.53164556962025]","[64.4870349492672, 77.10144927536233]","[65.19823788546255, 79.16666666666666]"
V5,"[0, 0.85, 1]",0.6701760671839914,"[58.08497146480659, 41.91502853519341]","[58.22784810126582, 41.77215189873418]","[64.73799126637554, 77.3071104387292]","[65.65217391304347, 78.78787878787878]"
V5,"[0, 0.9, 1]",1.0861968632970704,"[63.79201014584655, 36.20798985415345]","[64.55696202531645, 35.44303797468354]","[65.90457256461232, 77.23292469352015]","[66.66666666666666, 79.28571428571428]"
V6,"[0, 0.45, 1]",9.844433841234014,"[2.029169308814204, 97.9708306911858]","[1.7721518987341773, 98.22784810126582]","[65.625, 70.09708737864078]","[28.57142857142857, 71.90721649484536]"
V6,"[0, 0.5, 1]",3.9380049814593625,"[2.4730500951173116, 97.52694990488268]","[2.5316455696202533, 97.46835443037975]","[64.1025641025641, 70.15604681404422]","[50.0, 71.68831168831169]"
V6,"[0, 0.55, 1]",6.8317838072824,"[2.8535193405199744, 97.14648065948003]","[3.0379746835443036, 96.9620253164557]","[66.66666666666666, 70.10443864229765]","[41.66666666666667, 72.0626631853786]"
V6,"[0, 0.6, 1]",5.784495593947974,"[3.2339885859226376, 96.76601141407735]","[3.5443037974683547, 96.45569620253166]","[70.58823529411765, 69.98689384010484]","[50.0, 71.91601049868767]"
V6,"[0, 0.65, 1]",5.424155909883291,"[3.6778693722257447, 96.32213062777424]","[4.050632911392405, 95.9493670886076]","[68.96551724137932, 70.04608294930875]","[50.0, 72.0316622691293]"
V6,"[0, 0.7, 1]",3.6180089159903406,"[4.058338617628408, 95.94166138237159]","[5.5696202531645564, 94.43037974683544]","[68.75, 70.05948446794447]","[59.09090909090909, 71.84986595174263]"
V6,"[0, 0.75, 1]",4.302024060606457,"[4.502219403931516, 95.49778059606848]","[6.582278481012659, 93.41772151898734]","[64.7887323943662, 70.2523240371846]","[53.84615384615385, 72.35772357723577]"
V6,"[0, 0.8, 1]",3.411144172920459,"[5.833861762840837, 94.16613823715916]","[6.8354430379746836, 93.16455696202532]","[65.21739130434783, 70.3030303030303]","[55.55555555555556, 72.28260869565217]"
V6,"[0, 0.85, 1]",2.5019437636365764,"[11.92136968928345, 88.07863031071655]","[12.658227848101266, 87.34177215189874]","[72.3404255319149, 69.69042476601872]","[66.0, 71.8840579710145]"
V6,"[0, 0.9, 1]",2.1760580784703922,"[14.648065948002536, 85.35193405199747]","[13.924050632911392, 86.07594936708861]","[70.56277056277057, 69.9108469539376]","[65.45454545454545, 72.05882352941177]"
V7,"[0, 0.45, 1]",2.7017936155994544,"[38.23715916296766, 61.76284083703234]","[38.734177215189874, 61.26582278481013]","[69.32006633499171, 70.4312114989733]","[76.47058823529412, 67.76859504132231]"
V7,"[0, 0.5, 1]",1.1808525943170292,"[54.15345592897908, 45.84654407102093]","[54.936708860759495, 45.063291139240505]","[67.91569086651053, 72.47579529737206]","[70.50691244239631, 71.91011235955057]"
V7,"[0, 0.55, 1]",1.447211044536564,"[64.29930247305009, 35.7006975269499]","[66.07594936708861, 33.92405063291139]","[67.85009861932939, 73.8898756660746]","[69.34865900383141, 74.6268656716418]"
V7,"[0, 0.6, 1]",1.7904268209483964,"[69.05516804058338, 30.944831959416614]","[70.63291139240506, 29.367088607594937]","[67.95224977043158, 74.59016393442623]","[68.10035842293907, 78.44827586206897]"
V7,"[0, 0.65, 1]",2.0366481995302346,"[71.33798351299937, 28.662016487000635]","[73.67088607594937, 26.329113924050635]","[67.91111111111111, 75.22123893805309]","[68.72852233676976, 77.88461538461539]"
V7,"[0, 0.7, 1]",2.0898782468623622,"[73.5573874445149, 26.442612555485102]","[75.44303797468355, 24.556962025316455]","[68.1896551724138, 75.0599520383693]","[68.45637583892618, 79.38144329896907]"
V7,"[0, 0.75, 1]",1.3571647741357582,"[75.26949904882689, 24.730500951173113]","[76.45569620253164, 23.544303797468356]","[67.9022746419545, 76.41025641025641]","[68.87417218543047, 78.49462365591397]"
V7,"[0, 0.8, 1]",0.7252853848188661,"[79.51807228915662, 20.481927710843372]","[79.49367088607595, 20.506329113924053]","[68.50079744816587, 75.85139318885449]","[69.42675159235668, 77.77777777777779]"
V7,"[0, 0.85, 1]",1.1450634445006607,"[81.80088776157261, 18.199112238427396]","[82.78481012658227, 17.21518987341772]","[68.68217054263566, 75.9581881533101]","[70.33639143730886, 75.0]"
V7,"[0, 0.9, 1]",2.133534323737816,"[84.21052631578947, 15.789473684210526]","[84.81012658227847, 15.18987341772152]","[68.75, 76.70682730923694]","[71.04477611940298, 71.66666666666667]"
V8,"[0, 0.45, 1]",2.0274780126497376,"[35.44705136334813, 64.55294863665188]","[38.22784810126582, 61.77215189873417]","[66.90518783542039, 71.70923379174853]","[68.21192052980133, 72.95081967213115]"
V8,"[0, 0.5, 1]",1.9493047592302233,"[37.79327837666455, 62.20672162333545]","[40.50632911392405, 59.49367088607595]","[66.77852348993288, 71.96738022426096]","[67.5, 73.61702127659574]"
V8,"[0, 0.55, 1]",1.8435395335342424,"[39.44197844007609, 60.5580215599239]","[42.025316455696206, 57.974683544303794]","[66.88102893890675, 72.04188481675394]","[66.86746987951807, 74.235807860262]"
V8,"[0, 0.6, 1]",1.6226397386807339,"[40.393151553582754, 59.606848446417246]","[42.53164556962025, 57.46835443037974]","[66.56200941915228, 72.3404255319149]","[66.66666666666666, 74.44933920704845]"
V8,"[0, 0.65, 1]",1.345339436805066,"[41.217501585288524, 58.78249841471148]","[42.78481012658228, 57.21518987341773]","[66.46153846153847, 72.49190938511327]","[66.86390532544378, 74.33628318584071]"
V8,"[0, 0.7, 1]",1.147944227475426,"[42.92961318960051, 57.0703868103995]","[44.050632911392405, 55.949367088607595]","[66.32200886262925, 72.77777777777777]","[67.24137931034483, 74.2081447963801]"
V8,"[0, 0.75, 1]",1.1436866248693338,"[44.19784400760938, 55.80215599239061]","[45.31645569620253, 54.68354430379747]","[66.28407460545193, 72.95454545454545]","[67.0391061452514, 74.53703703703704]"
V8,"[0, 0.8, 1]",0.6456019158423452,"[46.35383639822448, 53.64616360177552]","[46.32911392405064, 53.67088607594936]","[66.89466484268127, 72.69503546099291]","[66.66666666666666, 75.0]"
V8,"[0, 0.85, 1]",1.0969674699001786,"[52.44134432466709, 47.558655675332915]","[53.417721518987335, 46.58227848101266]","[68.19830713422007, 72.0]","[68.72037914691943, 73.91304347826086]"
V8,"[0, 0.9, 1]",0.8057797620451055,"[56.119213696892835, 43.880786303107165]","[56.45569620253165, 43.54430379746835]","[68.8135593220339, 71.53179190751445]","[69.05829596412556, 73.83720930232558]"
V9,"[0, 0.45, 1]",4.632002440823857,"[59.98731769181991, 40.01268230818009]","[62.53164556962025, 37.46835443037975]","[71.67019027484145, 67.51188589540412]","[77.7327935222672, 60.13513513513513]"
V9,"[0, 0.5, 1]",3.5797580375230726,"[64.93341788205453, 35.066582117945465]","[67.84810126582278, 32.151898734177216]","[72.4609375, 65.46112115732369]","[76.11940298507463, 60.629921259842526]"
V9,"[0, 0.55, 1]",4.138178123724122,"[68.73811033608118, 31.261889663918836]","[71.39240506329114, 28.607594936708864]","[71.6789667896679, 66.32860040567951]","[75.88652482269504, 59.29203539823009]"
V9,"[0, 0.6, 1]",3.265674541073654,"[72.09892200380469, 27.901077996195305]","[74.68354430379746, 25.31645569620253]","[71.59190853122251, 65.9090909090909]","[74.57627118644068, 61.0]"
V9,"[0, 0.65, 1]",3.9058011337780165,"[76.53772986683578, 23.462270133164235]","[78.9873417721519, 21.012658227848103]","[71.08533554266778, 66.48648648648648]","[74.35897435897436, 59.036144578313255]"
V9,"[0, 0.7, 1]",2.9824738755216806,"[93.15155358275206, 6.8484464172479385]","[92.65822784810128, 7.341772151898734]","[69.16269571136829, 81.48148148148148]","[71.03825136612022, 72.41379310344827]"
V9,"[0, 0.75, 1]",0.8787664283536902,"[95.30754597336716, 4.692454026632848]","[95.69620253164557, 4.30379746835443]","[69.32801064537591, 83.78378378378379]","[70.63492063492063, 82.35294117647058]"
V9,"[0, 0.8, 1]",1.0671483644274726,"[96.13189600507293, 3.868103994927077]","[96.20253164556962, 3.79746835443038]","[69.45910290237467, 83.60655737704919]","[70.52631578947368, 86.66666666666667]"
V9,"[0, 0.85, 1]",1.369560959796538,"[96.9562460367787, 3.0437539632213064]","[96.9620253164557, 3.0379746835443036]","[69.45716154349248, 87.5]","[70.75718015665797, 83.33333333333334]"
V9,"[0, 0.9, 1]",0.28322483805976617,"[100.0, 0]","[100.0, 0]","[70.00634115409005, 0]","[71.13924050632912, 0]"
V10,"[0, 0.45, 1]",3.471410748374723,"[9.95561192136969, 90.0443880786303]","[11.139240506329113, 88.86075949367088]","[68.15286624203821, 70.2112676056338]","[79.54545454545455, 70.08547008547008]"
V10,"[0, 0.5, 1]",3.499835021387185,"[12.872542802790107, 87.12745719720989]","[13.164556962025317, 86.83544303797468]","[67.98029556650246, 70.3056768558952]","[80.76923076923077, 69.67930029154519]"
V10,"[0, 0.55, 1]",4.141410908501115,"[24.47685478757134, 75.52314521242866]","[22.531645569620252, 77.46835443037975]","[69.94818652849742, 70.02518891687657]","[80.89887640449437, 68.30065359477125]"
V10,"[0, 0.6, 1]",1.9510516857543825,"[92.96131896005073, 7.038681039949271]","[94.17721518987342, 5.822784810126582]","[69.71350613915416, 73.87387387387388]","[70.6989247311828, 78.26086956521739]"
V10,"[0, 0.65, 1]",1.185775030061753,"[94.61001902346227, 5.389980976537729]","[95.18987341772151, 4.810126582278481]","[69.63806970509383, 76.47058823529412]","[70.74468085106383, 78.94736842105263]"
V10,"[0, 0.7, 1]",0.4682142497989279,"[95.18072289156626, 4.819277108433735]","[95.44303797468355, 4.556962025316456]","[69.62025316455697, 77.63157894736842]","[70.82228116710876, 77.77777777777779]"
V10,"[0, 0.75, 1]",1.6365477501929737,"[97.08306911857957, 2.9169308814204187]","[97.72151898734177, 2.278481012658228]","[69.56237753102548, 84.78260869565217]","[70.72538860103627, 88.88888888888889]"
V10,"[0, 0.8, 1]",4.824753161429213,"[97.8440076093849, 2.155992390615092]","[98.22784810126582, 1.7721518987341773]","[69.73428386260532, 82.35294117647058]","[70.61855670103093, 100.0]"
V10,"[0, 0.85, 1]",4.351617380055758,"[98.03424223208624, 1.9657577679137603]","[98.22784810126582, 1.7721518987341773]","[69.72833117723157, 83.87096774193549]","[70.61855670103093, 100.0]"
V10,"[0, 0.9, 1]",0.28322483805976617,"[100.0, 0]","[100.0, 0]","[70.00634115409005, 0]","[71.13924050632912, 0]"
V11,"[0, 0.45, 1]",0.8119737908740277,"[38.807863031071655, 61.192136968928345]","[39.24050632911392, 60.75949367088608]","[67.64705882352942, 71.50259067357513]","[69.03225806451613, 72.5]"
V11,"[0, 0.5, 1]",1.0045646344674868,"[40.77362079898542, 59.22637920101459]","[41.51898734177215, 58.48101265822785]","[67.65163297045102, 71.62740899357601]","[69.51219512195121, 72.2943722943723]"
V11,"[0, 0.55, 1]",1.5769109803656924,"[43.69055168040583, 56.30944831959417]","[45.063291139240505, 54.936708860759495]","[68.21480406386067, 71.3963963963964]","[71.34831460674157, 70.96774193548387]"
V11,"[0, 0.6, 1]",1.6718218542623493,"[47.24159797083069, 52.758402029169304]","[49.36708860759494, 50.63291139240506]","[67.91946308724832, 71.875]","[69.23076923076923, 73.0]"
V11,"[0, 0.65, 1]",1.8557392150134753,"[52.3145212428662, 47.6854787571338]","[54.68354430379747, 45.31645569620253]","[67.75757575757576, 72.47340425531915]","[68.05555555555556, 74.86033519553072]"
V11,"[0, 0.7, 1]",2.181851678700225,"[57.0703868103995, 42.92961318960051]","[60.0, 40.0]","[68.88888888888889, 71.49187592319055]","[69.19831223628692, 74.0506329113924]"
V11,"[0, 0.75, 1]",2.2288178966494048,"[63.60177552314521, 36.39822447685479]","[65.82278481012658, 34.177215189873415]","[69.19242273180458, 71.42857142857143]","[68.84615384615384, 75.55555555555556]"
V11,"[0, 0.8, 1]",1.0127347645722686,"[70.19657577679138, 29.803424223208623]","[70.63291139240506, 29.367088607594937]","[69.01535682023487, 72.3404255319149]","[69.53405017921148, 75.0]"
V11,"[0, 0.85, 1]",1.4634370954557987,"[77.99619530754597, 22.003804692454025]","[76.9620253164557, 23.037974683544306]","[69.91869918699187, 70.31700288184439]","[70.39473684210526, 73.62637362637363]"
V11,"[0, 0.9, 1]",1.8282752318671927,"[88.96639188332276, 11.033608116677234]","[88.35443037974684, 11.645569620253164]","[70.20669992872416, 68.39080459770115]","[70.77363896848138, 73.91304347826086]"
V12,"[0, 0.45, 1]",3.0304838728768138,"[28.09131261889664, 71.90868738110336]","[32.40506329113924, 67.59493670886076]","[69.97742663656885, 70.01763668430335]","[68.75, 72.28464419475655]"
V12,"[0, 0.5, 1]",2.2416152590006924,"[30.183893468611288, 69.81610653138871]","[33.67088607594937, 66.32911392405063]","[69.32773109243698, 70.29972752043598]","[69.17293233082707, 72.13740458015268]"
V12,"[0, 0.55, 1]",1.9105836013424957,"[31.57894736842105, 68.42105263157895]","[34.43037974683544, 65.56962025316456]","[69.47791164658635, 70.25023169601484]","[69.85294117647058, 71.81467181467181]"
V12,"[0, 0.6, 1]",1.6932478111434275,"[33.29105897273304, 66.70894102726696]","[35.44303797468354, 64.55696202531645]","[70.47619047619048, 69.77186311787072]","[70.0, 71.76470588235294]"
V12,"[0, 0.65, 1]",1.6752292203939927,"[34.93975903614458, 65.06024096385542]","[36.9620253164557, 63.037974683544306]","[70.41742286751361, 69.78557504873294]","[69.86301369863014, 71.8875502008032]"
V12,"[0, 0.7, 1]",1.5600920598036936,"[36.33481293595434, 63.66518706404566]","[37.721518987341774, 62.278481012658226]","[70.15706806282722, 69.9203187250996]","[69.12751677852349, 72.35772357723577]"
V12,"[0, 0.75, 1]",1.3465605944895174,"[38.55421686746988, 61.44578313253012]","[39.49367088607595, 60.50632911392405]","[69.57236842105263, 70.27863777089783]","[68.58974358974359, 72.80334728033473]"
V12,"[0, 0.8, 1]",0.8088872579085109,"[42.67596702599874, 57.32403297400127]","[43.291139240506325, 56.708860759493675]","[70.1337295690936, 69.91150442477876]","[70.17543859649122, 71.875]"
V12,"[0, 0.85, 1]",1.657898565034312,"[46.480659480025366, 53.519340519974634]","[48.35443037974684, 51.64556962025316]","[70.53206002728513, 69.54976303317537]","[70.15706806282722, 72.05882352941177]"
V12,"[0, 0.9, 1]",2.2836536198521227,"[54.470513633481296, 45.529486366518704]","[57.72151898734177, 42.278481012658226]","[70.081490104773, 69.91643454038997]","[70.17543859649122, 72.45508982035929]"
V13,"[0, 0.45, 1]",2.3073447039343575,"[92.83449587824984, 7.165504121750159]","[94.9367088607595, 5.063291139240507]","[69.53551912568307, 76.10619469026548]","[70.66666666666667, 80.0]"
V13,"[0, 0.5, 1]",1.8220304517566699,"[93.02473050095116, 6.975269499048826]","[95.18987341772151, 4.810126582278481]","[69.46148602590321, 77.27272727272727]","[70.74468085106383, 78.94736842105263]"
V13,"[0, 0.55, 1]",3.04679616765329,"[93.2149651236525, 6.7850348763474955]","[95.44303797468355, 4.556962025316456]","[69.52380952380952, 76.63551401869158]","[70.55702917771883, 83.33333333333334]"
V13,"[0, 0.6, 1]",3.1046553369981362,"[93.40519974635384, 6.594800253646163]","[95.44303797468355, 4.556962025316456]","[69.58587915818059, 75.96153846153845]","[70.55702917771883, 83.33333333333334]"
V13,"[0, 0.65, 1]",3.1046553369981362,"[93.40519974635384, 6.594800253646163]","[95.44303797468355, 4.556962025316456]","[69.58587915818059, 75.96153846153845]","[70.55702917771883, 83.33333333333334]"
V13,"[0, 0.7, 1]",2.9645512505129297,"[93.65884590995562, 6.3411540900443875]","[95.44303797468355, 4.556962025316456]","[69.60054163845632, 76.0]","[70.55702917771883, 83.33333333333334]"
V13,"[0, 0.75, 1]",2.7751129302130315,"[93.7856689917565, 6.214331008243501]","[95.44303797468355, 4.556962025316456]","[69.5740365111562, 76.53061224489795]","[70.55702917771883, 83.33333333333334]"
V13,"[0, 0.8, 1]",2.3792482383410207,"[94.03931515535827, 5.960684844641725]","[95.44303797468355, 4.556962025316456]","[69.52124072825355, 77.6595744680851]","[70.55702917771883, 83.33333333333334]"
V13,"[0, 0.85, 1]",2.4098427147400994,"[94.3563728598605, 5.643627140139505]","[95.69620253164557, 4.30379746835443]","[69.6236559139785, 76.40449438202246]","[70.63492063492063, 82.35294117647058]"
V13,"[0, 0.9, 1]",2.4687522730309173,"[96.32213062777424, 3.6778693722257447]","[97.72151898734177, 2.278481012658228]","[69.91441737985517, 72.41379310344827]","[71.24352331606218, 66.66666666666666]"
V14,"[0, 0.45, 1]",1.5110855576400297,"[82.18135700697526, 17.81864299302473]","[82.78481012658227, 17.21518987341772]","[68.90432098765432, 75.08896797153025]","[69.41896024464832, 79.41176470588235]"
V14,"[0, 0.5, 1]",1.1602364241940153,"[82.75206087507927, 17.247939124920737]","[83.0379746835443, 16.962025316455694]","[68.81226053639847, 75.73529411764706]","[69.51219512195121, 79.1044776119403]"
V14,"[0, 0.55, 1]",1.6193194074622266,"[83.3861762840837, 16.613823715916297]","[84.05063291139241, 15.949367088607595]","[68.74524714828897, 76.33587786259542]","[69.27710843373494, 80.95238095238095]"
V14,"[0, 0.6, 1]",1.8612876556247464,"[84.02029169308814, 15.979708306911858]","[85.0632911392405, 14.936708860759493]","[68.75471698113208, 76.5873015873016]","[69.34523809523809, 81.35593220338984]"
V14,"[0, 0.65, 1]",1.9617499497934383,"[85.66899175649968, 14.331008243500317]","[86.83544303797468, 13.164556962025317]","[68.6898593634345, 77.87610619469027]","[69.38775510204081, 82.6923076923077]"
V14,"[0, 0.7, 1]",2.224229401070126,"[89.0298034242232, 10.970196575776791]","[90.88607594936708, 9.113924050632912]","[68.87464387464387, 79.1907514450867]","[69.91643454038997, 83.33333333333334]"
V14,"[0, 0.75, 1]",1.9430186157365468,"[90.42485732403297, 9.575142675967026]","[92.40506329113924, 7.59493670886076]","[68.86395511921458, 80.79470198675497]","[70.13698630136986, 83.33333333333334]"
V14,"[0, 0.8, 1]",1.5928709381362691,"[91.12238427393787, 8.877615726062144]","[92.65822784810128, 7.341772151898734]","[68.96311760612387, 80.71428571428572]","[70.21857923497268, 82.75862068965517]"
V14,"[0, 0.85, 1]",2.018050750899023,"[93.53202282815472, 6.467977171845275]","[94.68354430379748, 5.3164556962025316]","[69.28813559322033, 80.3921568627451]","[70.85561497326202, 76.19047619047619]"
V14,"[0, 0.9, 1]",1.5775929279114347,"[94.2295497780596, 5.7704502219403935]","[95.44303797468355, 4.556962025316456]","[69.38088829071333, 80.21978021978022]","[70.82228116710876, 77.77777777777779]"
V15,"[0, 0.45, 1]",1.539357921946614,"[62.84083703233989, 37.159162967660116]","[61.01265822784811, 38.9873417721519]","[70.53481331987891, 69.11262798634812]","[71.36929460580913, 70.77922077922078]"
V15,"[0, 0.5, 1]",1.3299425962455231,"[64.67977171845276, 35.32022828154724]","[63.29113924050633, 36.708860759493675]","[70.3921568627451, 69.29982046678636]","[71.2, 71.03448275862068]"
V15,"[0, 0.55, 1]",1.1730572550051974,"[66.20164870006342, 33.79835129993659]","[65.31645569620254, 34.68354430379747]","[70.49808429118774, 69.04315196998124]","[70.93023255813954, 71.53284671532847]"
V15,"[0, 0.6, 1]",1.4216172703538072,"[68.29422954977807, 31.705770450221944]","[67.59493670886076, 32.40506329113924]","[70.28783658310121, 69.39999999999999]","[70.0374531835206, 73.4375]"
V15,"[0, 0.65, 1]",1.571141243462673,"[70.06975269499048, 29.930247305009512]","[69.62025316455697, 30.37974683544304]","[70.31674208144797, 69.27966101694916]","[69.81818181818183, 74.16666666666667]"
V15,"[0, 0.7, 1]",1.1539643483812068,"[71.9720989220038, 28.027901077996198]","[71.39240506329114, 28.607594936708864]","[70.22026431718061, 69.45701357466064]","[70.56737588652481, 72.56637168141593]"
V15,"[0, 0.75, 1]",1.0451710774208296,"[74.12809131261889, 25.8719086873811]","[74.17721518987341, 25.82278481012658]","[70.48759623609922, 68.62745098039215]","[70.64846416382252, 72.54901960784314]"
V15,"[0, 0.8, 1]",0.8075607682494379,"[75.33291058972733, 24.66708941027267]","[75.44303797468355, 24.556962025316455]","[70.37037037037037, 68.89460154241645]","[71.14093959731544, 71.1340206185567]"
V15,"[0, 0.85, 1]",0.8650431039287465,"[79.58148383005708, 20.41851616994293]","[79.24050632911393, 20.759493670886076]","[70.59760956175299, 67.70186335403726]","[71.56549520766772, 69.51219512195121]"
V15,"[0, 0.9, 1]",1.634385884391932,"[83.83005707038681, 16.16994292961319]","[82.27848101265823, 17.72151898734177]","[70.49924357034796, 67.45098039215686]","[71.38461538461539, 70.0]"
V16,"[0, 0.45, 1]",2.9314106538561315,"[41.85161699429296, 58.14838300570704]","[42.78481012658228, 57.21518987341773]","[70.15151515151516, 69.90185387131952]","[76.92307692307693, 66.8141592920354]"
V16,"[0, 0.5, 1]",2.6051946399447914,"[42.99302473050095, 57.00697526949905]","[43.54430379746835, 56.45569620253165]","[70.35398230088495, 69.74416017797553]","[76.74418604651163, 66.81614349775785]"
V16,"[0, 0.55, 1]",2.4761530259700297,"[44.0710209258085, 55.928979074191496]","[44.050632911392405, 55.949367088607595]","[70.35971223021583, 69.72789115646259]","[77.01149425287356, 66.51583710407239]"
V16,"[0, 0.6, 1]",2.3180344392215506,"[45.0856055802156, 54.914394419784394]","[44.81012658227848, 55.18987341772152]","[70.32348804500702, 69.7459584295612]","[76.27118644067797, 66.97247706422019]"
V16,"[0, 0.65, 1]",2.222613299161033,"[46.036778693722255, 53.963221306277745]","[45.822784810126585, 54.177215189873415]","[70.52341597796143, 69.56521739130434]","[76.24309392265194, 66.82242990654206]"
V16,"[0, 0.7, 1]",2.2056304806315143,"[47.05136334812936, 52.94863665187064]","[46.835443037974684, 53.16455696202531]","[70.61994609164421, 69.46107784431138]","[76.21621621621621, 66.66666666666666]"
V16,"[0, 0.75, 1]",2.38995878120412,"[48.38300570703868, 51.616994292961316]","[48.10126582278481, 51.89873417721519]","[70.51114023591087, 69.53316953316954]","[76.31578947368422, 66.34146341463415]"
V16,"[0, 0.8, 1]",2.693470713791058,"[49.714648065948005, 50.285351934052]","[49.11392405063291, 50.8860759493671]","[70.79081632653062, 69.23076923076923]","[76.80412371134021, 65.67164179104478]"
V16,"[0, 0.85, 1]",2.6745079587178573,"[52.82181357006975, 47.17818642993025]","[52.911392405063296, 47.08860759493671]","[71.42857142857143, 68.41397849462365]","[77.51196172248804, 63.97849462365591]"
V16,"[0, 0.9, 1]",2.8682810712025315,"[55.23145212428662, 44.76854787571338]","[56.20253164556962, 43.79746835443038]","[71.29735935706086, 68.41359773371106]","[76.57657657657657, 64.16184971098265]"
V17,"[0, 0.45, 1]",4.671074092655601,"[32.84717818642993, 67.15282181357007]","[36.20253164556962, 63.79746835443038]","[71.62162162162163, 69.21624173748819]","[65.03496503496503, 74.60317460317461]"
V17,"[0, 0.5, 1]",5.295284528320087,"[36.651870640456565, 63.348129359543435]","[41.01265822784811, 58.9873417721519]","[71.10726643598616, 69.36936936936937]","[64.81481481481481, 75.53648068669528]"
V17,"[0, 0.55, 1]",3.2388895078784987,"[51.363348129359544, 48.636651870640456]","[52.65822784810127, 47.34177215189874]","[68.64197530864197, 71.4471968709257]","[64.90384615384616, 78.07486631016043]"
V17,"[0, 0.6, 1]",2.302358349704706,"[62.20672162333545, 37.79327837666455]","[63.29113924050633, 36.708860759493675]","[67.78797145769623, 73.65771812080537]","[66.4, 79.3103448275862]"
V17,"[0, 0.65, 1]",1.8867727363241595,"[70.64045656309447, 29.359543436905515]","[68.35443037974683, 31.645569620253166]","[68.04308797127469, 74.73002159827213]","[68.14814814814815, 77.60000000000001]"
V17,"[0, 0.7, 1]",2.213742956616046,"[76.22067216233354, 23.779327837666457]","[72.40506329113924, 27.59493670886076]","[68.38602329450914, 75.2]","[69.58041958041959, 75.22935779816514]"
V17,"[0, 0.75, 1]",1.1975878134671056,"[79.13760304375397, 20.862396956246037]","[77.72151898734178, 22.278481012658226]","[68.91025641025641, 74.16413373860182]","[70.03257328990227, 75.0]"
V17,"[0, 0.8, 1]",1.2327914289489517,"[82.43500317057705, 17.564996829422956]","[82.53164556962025, 17.468354430379744]","[68.84615384615384, 75.45126353790613]","[69.32515337423312, 79.71014492753623]"
V17,"[0, 0.85, 1]",1.1918916344951516,"[88.39568801521877, 11.60431198478123]","[88.60759493670885, 11.39240506329114]","[69.15351506456241, 76.50273224043715]","[70.0, 80.0]"
V17,"[0, 0.9, 1]",3.934886332915511,"[93.27837666455295, 6.721623335447051]","[94.9367088607595, 5.063291139240507]","[69.40856560163155, 78.30188679245283]","[70.13333333333334, 90.0]"
V18,"[0, 0.45, 1]",1.8192546148544917,"[45.0856055802156, 54.914394419784394]","[45.063291139240505, 54.936708860759495]","[65.68213783403657, 73.55658198614319]","[70.78651685393258, 71.42857142857143]"
V18,"[0, 0.5, 1]",2.2190973860829093,"[49.90488268864933, 50.09511731135067]","[48.860759493670884, 51.13924050632911]","[65.94663278271918, 74.0506329113924]","[70.46632124352331, 71.78217821782178]"
V18,"[0, 0.55, 1]",3.029666059945372,"[53.202282815472415, 46.797717184527585]","[50.8860759493671, 49.11392405063291]","[66.507747318236, 73.98373983739837]","[71.14427860696517, 71.1340206185567]"
V18,"[0, 0.6, 1]",3.0502664332668505,"[55.99239061509195, 44.00760938490805]","[52.911392405063296, 47.08860759493671]","[67.04416761041902, 73.77521613832853]","[70.81339712918661, 71.50537634408603]"
V18,"[0, 0.65, 1]",3.3304509376727154,"[58.33861762840837, 41.661382371591635]","[55.44303797468354, 44.55696202531645]","[66.95652173913044, 74.27701674277016]","[71.23287671232876, 71.02272727272727]"
V18,"[0, 0.7, 1]",3.1454335581876194,"[59.797083069118585, 40.20291693088142]","[57.21518987341773, 42.78481012658228]","[66.70201484623541, 74.9211356466877]","[70.79646017699115, 71.59763313609467]"
V18,"[0, 0.75, 1]",3.3117030667700167,"[61.1287254280279, 38.871274571972094]","[58.734177215189874, 41.265822784810126]","[66.70124481327801, 75.20391517128874]","[71.12068965517241, 71.16564417177914]"
V18,"[0, 0.8, 1]",4.004124115370484,"[63.91883322764743, 36.08116677235257]","[60.50632911392405, 39.49367088607595]","[67.06349206349206, 75.21968365553603]","[71.54811715481172, 70.51282051282051]"
V18,"[0, 0.85, 1]",4.616051608469489,"[68.3576410906785, 31.642358909321494]","[63.79746835443038, 36.20253164556962]","[67.99628942486086, 74.34869739478958]","[72.22222222222221, 69.23076923076923]"
V18,"[0, 0.9, 1]",4.046780015321774,"[70.00634115409005, 29.993658845909955]","[66.07594936708861, 33.92405063291139]","[68.29710144927536, 73.99577167019028]","[72.03065134099617, 69.40298507462687]"
V19,"[0, 0.45, 1]",0.8684206881314089,"[92.89790741915029, 7.102092580849714]","[92.40506329113924, 7.59493670886076]","[69.35153583617748, 78.57142857142857]","[70.41095890410959, 80.0]"
V19,"[0, 0.5, 1]",0.45447207563755265,"[93.15155358275206, 6.8484464172479385]","[92.91139240506328, 7.088607594936709]","[69.36691626957113, 78.70370370370371]","[70.57220708446866, 78.57142857142857]"
V19,"[0, 0.55, 1]",0.46458827345964826,"[93.2149651236525, 6.7850348763474955]","[92.91139240506328, 7.088607594936709]","[69.38775510204081, 78.50467289719626]","[70.57220708446866, 78.57142857142857]"
V19,"[0, 0.6, 1]",0.942950422413138,"[93.59543436905517, 6.404565630944832]","[92.91139240506328, 7.088607594936709]","[69.51219512195121, 77.22772277227723]","[70.57220708446866, 78.57142857142857]"
V19,"[0, 0.65, 1]",0.958686290540405,"[93.7856689917565, 6.214331008243501]","[92.91139240506328, 7.088607594936709]","[69.50642325895876, 77.55102040816327]","[70.57220708446866, 78.57142857142857]"
V19,"[0, 0.7, 1]",0.836289336209288,"[94.10272669625871, 5.897273303741281]","[93.16455696202532, 6.8354430379746836]","[69.54177897574124, 77.41935483870968]","[70.65217391304348, 77.77777777777779]"
V19,"[0, 0.75, 1]",1.1425743593230808,"[94.48319594166138, 5.516804058338617]","[93.41772151898734, 6.582278481012659]","[69.53020134228188, 78.16091954022988]","[70.73170731707317, 76.92307692307693]"
V19,"[0, 0.8, 1]",1.0666768051277078,"[94.8002536461636, 5.199746353836398]","[93.67088607594937, 6.329113924050633]","[69.63210702341136, 76.82926829268293]","[70.8108108108108, 76.0]"
V19,"[0, 0.85, 1]",1.5211784165286342,"[95.05389980976537, 4.946100190234623]","[94.17721518987342, 5.822784810126582]","[69.64643095396931, 76.92307692307693]","[70.96774193548387, 73.91304347826086]"
V19,"[0, 0.9, 1]",3.1338514242678848,"[97.14648065948003, 2.8535193405199744]","[95.9493670886076, 4.050632911392405]","[69.9738903394256, 71.11111111111111]","[71.50395778364116, 62.5]"
V20,"[0, 0.45, 1]",4.623618650330579,"[94.3563728598605, 5.643627140139505]","[95.18987341772151, 4.810126582278481]","[69.8252688172043, 73.03370786516854]","[70.2127659574468, 89.47368421052632]"
V20,"[0, 0.5, 1]",4.841115077331149,"[96.51236525047558, 3.487634749524413]","[96.9620253164557, 3.0379746835443036]","[70.17082785808148, 65.45454545454545]","[70.75718015665797, 83.33333333333334]"
V20,"[0, 0.55, 1]",4.0709203849329105,"[96.8294229549778, 3.1705770450221937]","[96.9620253164557, 3.0379746835443036]","[70.07203667321545, 68.0]","[70.75718015665797, 83.33333333333334]"
V20,"[0, 0.6, 1]",2.804368663679271,"[97.14648065948003, 2.8535193405199744]","[96.9620253164557, 3.0379746835443036]","[69.90861618798957, 73.33333333333333]","[70.75718015665797, 83.33333333333334]"
V20,"[0, 0.65, 1]",1.7815673371929979,"[97.4001268230818, 2.599873176918199]","[96.9620253164557, 3.0379746835443036]","[69.79166666666666, 78.04878048780488]","[70.75718015665797, 83.33333333333334]"
V20,"[0, 0.7, 1]",2.295210992067325,"[97.59036144578313, 2.4096385542168677]","[96.9620253164557, 3.0379746835443036]","[69.85055230669266, 76.31578947368422]","[70.75718015665797, 83.33333333333334]"
V20,"[0, 0.75, 1]",1.9957189580603347,"[97.65377298668358, 2.346227013316424]","[97.21518987341771, 2.7848101265822782]","[69.87012987012987, 75.67567567567568]","[70.83333333333334, 81.81818181818183]"
V20,"[0, 0.8, 1]",0.8732596538798129,"[97.90741915028536, 2.092580849714648]","[97.72151898734177, 2.278481012658228]","[69.88341968911918, 75.75757575757575]","[70.98445595854922, 77.77777777777779]"
V20,"[0, 0.85, 1]",1.3291428471965259,"[97.9708306911858, 2.029169308814204]","[98.22784810126582, 1.7721518987341773]","[69.90291262135922, 75.0]","[71.1340206185567, 71.42857142857143]"
V20,"[0, 0.9, 1]",1.3291428471965259,"[97.9708306911858, 2.029169308814204]","[98.22784810126582, 1.7721518987341773]","[69.90291262135922, 75.0]","[71.1340206185567, 71.42857142857143]"
V21,"[0, 0.45, 1]",1.498555119487147,"[59.73367152821814, 40.26632847178186]","[57.974683544303794, 42.025316455696206]","[72.1868365180467, 66.77165354330708]","[73.36244541484717, 68.07228915662651]"
V21,"[0, 0.5, 1]",2.1632937575719478,"[62.016487000634115, 37.983512999365885]","[58.9873417721519, 41.01265822784811]","[72.08588957055214, 66.6110183639399]","[73.39055793991416, 67.90123456790124]"
V21,"[0, 0.55, 1]",2.1123774029819735,"[63.47495244134432, 36.52504755865568]","[60.75949367088608, 39.24050632911392]","[71.72827172827174, 67.01388888888889]","[72.08333333333333, 69.6774193548387]"
V21,"[0, 0.6, 1]",2.4331633216179203,"[65.56753329105898, 34.43246670894103]","[62.53164556962025, 37.46835443037975]","[71.37330754352031, 67.40331491712708]","[71.25506072874494, 70.94594594594594]"
V21,"[0, 0.65, 1]",1.5684407817953723,"[67.53329105897274, 32.466708941027264]","[65.82278481012658, 34.177215189873415]","[70.89201877934272, 68.1640625]","[71.53846153846153, 70.37037037037037]"
V21,"[0, 0.7, 1]",1.477997091444741,"[68.54787571337984, 31.452124286620165]","[66.83544303797468, 33.164556962025316]","[70.58279370952822, 68.75]","[71.5909090909091, 70.22900763358778]"
V21,"[0, 0.75, 1]",1.1104911028926283,"[70.32339885859227, 29.676601141407737]","[69.62025316455697, 30.37974683544304]","[70.69431920649234, 68.37606837606837]","[71.27272727272728, 70.83333333333334]"
V21,"[0, 0.8, 1]",1.1852397283898561,"[73.81103360811667, 26.188966391883323]","[73.16455696202532, 26.83544303797468]","[70.79037800687286, 67.79661016949152]","[71.280276816609, 70.75471698113208]"
V21,"[0, 0.85, 1]",1.075390369231978,"[75.01585288522512, 24.98414711477489]","[75.18987341772151, 24.81012658227848]","[70.75232459847844, 67.76649746192894]","[71.04377104377105, 71.42857142857143]"
V21,"[0, 0.9, 1]",1.920124141685542,"[76.98161065313887, 23.018389346861127]","[75.44303797468355, 24.556962025316455]","[71.00494233937397, 66.66666666666666]","[71.14093959731544, 71.1340206185567]"
V22,"[0, 0.45, 1]",1.7000086015346172,"[3.9315155358275207, 96.06848446417247]","[4.810126582278481, 95.18987341772151]","[77.41935483870968, 69.7029702970297]","[73.68421052631578, 71.01063829787235]"
V22,"[0, 0.5, 1]",1.8804654844342923,"[4.121750158528852, 95.87824984147116]","[4.810126582278481, 95.18987341772151]","[78.46153846153847, 69.64285714285714]","[73.68421052631578, 71.01063829787235]"
V22,"[0, 0.55, 1]",1.54003427330958,"[4.185161699429296, 95.8148383005707]","[4.810126582278481, 95.18987341772151]","[77.27272727272727, 69.68894771674388]","[73.68421052631578, 71.01063829787235]"
V22,"[0, 0.6, 1]",1.269564133515812,"[4.311984781230184, 95.68801521876982]","[4.810126582278481, 95.18987341772151]","[76.47058823529412, 69.71504307488404]","[73.68421052631578, 71.01063829787235]"
V22,"[0, 0.65, 1]",0.6368036994225106,"[4.438807863031072, 95.56119213696893]","[4.810126582278481, 95.18987341772151]","[74.28571428571429, 69.80756469807564]","[73.68421052631578, 71.01063829787235]"
V22,"[0, 0.7, 1]",0.43471048619517605,"[4.56563094483196, 95.43436905516805]","[4.810126582278481, 95.18987341772151]","[73.61111111111111, 69.83388704318936]","[73.68421052631578, 71.01063829787235]"
V22,"[0, 0.75, 1]",1.0796929413464964,"[4.629042485732404, 95.3709575142676]","[5.063291139240507, 94.9367088607595]","[72.6027397260274, 69.88031914893617]","[75.0, 70.93333333333334]"
V22,"[0, 0.8, 1]",0.9989506235346748,"[5.009511731135067, 94.99048826886494]","[5.063291139240507, 94.9367088607595]","[72.15189873417721, 69.89319092122831]","[75.0, 70.93333333333334]"
V22,"[0, 0.85, 1]",2.128406024564857,"[7.165504121750159, 92.83449587824984]","[6.8354430379746836, 93.16455696202532]","[74.33628318584071, 69.67213114754098]","[81.48148148148148, 70.38043478260869]"
V22,"[0, 0.9, 1]",2.193671195685808,"[7.736207989854154, 92.26379201014585]","[7.088607594936709, 92.91139240506328]","[75.40983606557377, 69.55326460481099]","[82.14285714285714, 70.29972752043598]"
V23,"[0, 0.45, 1]",2.400442036057091,"[93.72225745085606, 6.2777425491439445]","[94.9367088607595, 5.063291139240507]","[69.75642760487145, 73.73737373737373]","[70.66666666666667, 80.0]"
V23,"[0, 0.5, 1]",2.400442036057091,"[93.72225745085606, 6.2777425491439445]","[94.9367088607595, 5.063291139240507]","[69.75642760487145, 73.73737373737373]","[70.66666666666667, 80.0]"
V23,"[0, 0.55, 1]",2.0370827850941535,"[93.97590361445783, 6.024096385542169]","[94.9367088607595, 5.063291139240507]","[69.70310391363023, 74.73684210526315]","[70.66666666666667, 80.0]"
V23,"[0, 0.6, 1]",1.7302439113779717,"[94.10272669625871, 5.897273303741281]","[95.18987341772151, 4.810126582278481]","[69.6765498652291, 75.26881720430107]","[70.74468085106383, 78.94736842105263]"
V23,"[0, 0.65, 1]",1.792514945101279,"[94.2295497780596, 5.7704502219403935]","[95.18987341772151, 4.810126582278481]","[69.71736204576044, 74.72527472527473]","[70.74468085106383, 78.94736842105263]"
V23,"[0, 0.7, 1]",1.7020330228853318,"[94.54660748256183, 5.453392517438173]","[95.18987341772151, 4.810126582278481]","[69.75184439973172, 74.4186046511628]","[70.74468085106383, 78.94736842105263]"
V23,"[0, 0.75, 1]",1.4998874620561387,"[94.67343056436272, 5.3265694356372855]","[95.18987341772151, 4.810126582278481]","[69.72538513060951, 75.0]","[70.74468085106383, 78.94736842105263]"
V23,"[0, 0.8, 1]",1.1827278019796257,"[94.86366518706404, 5.136334812935954]","[95.44303797468355, 4.556962025316456]","[69.7192513368984, 75.30864197530865]","[70.82228116710876, 77.77777777777779]"
V23,"[0, 0.85, 1]",2.3163308558321596,"[95.18072289156626, 4.819277108433735]","[95.69620253164557, 4.30379746835443]","[69.75349766822119, 75.0]","[70.63492063492063, 82.35294117647058]"
V23,"[0, 0.9, 1]",0.9308049975658758,"[97.20989220038047, 2.7901077996195305]","[97.72151898734177, 2.278481012658228]","[70.0587084148728, 68.18181818181817]","[71.24352331606218, 66.66666666666666]"
V24,"[0, 0.45, 1]",1.1343108635502066,"[48.25618262523779, 51.7438173747622]","[49.36708860759494, 50.63291139240506]","[70.30223390275953, 69.73039215686273]","[70.25641025641025, 72.0]"
V24,"[0, 0.5, 1]",1.3430612192872111,"[49.08053265694357, 50.91946734305643]","[50.63291139240506, 49.36708860759494]","[70.41343669250647, 69.61394769613948]","[70.5, 71.7948717948718]"
V24,"[0, 0.55, 1]",1.2668897813004971,"[49.778059606848444, 50.221940393151556]","[51.13924050632911, 48.860759493670884]","[70.31847133757961, 69.6969696969697]","[70.29702970297029, 72.02072538860104]"
V24,"[0, 0.6, 1]",1.034871975210839,"[50.7292327203551, 49.27076727964489]","[51.64556962025316, 48.35443037974684]","[70.125, 69.88416988416989]","[70.58823529411765, 71.72774869109948]"
V24,"[0, 0.65, 1]",1.0829022087098306,"[51.68040583386176, 48.31959416613824]","[52.65822784810127, 47.34177215189874]","[70.06134969325153, 69.9475065616798]","[70.1923076923077, 72.19251336898395]"
V24,"[0, 0.7, 1]",1.184542763866805,"[52.50475586556753, 47.49524413443247]","[53.67088607594936, 46.32911392405064]","[70.04830917874396, 69.95994659546061]","[70.28301886792453, 72.1311475409836]"
V24,"[0, 0.75, 1]",1.535809111733247,"[53.07545973367153, 46.92454026632847]","[54.936708860759495, 45.063291139240505]","[70.13142174432497, 69.86486486486486]","[70.50691244239631, 71.91011235955057]"
V24,"[0, 0.8, 1]",2.148032437181527,"[53.64616360177552, 46.35383639822448]","[56.708860759493675, 43.291139240506325]","[70.09456264775413, 69.90424076607387]","[70.53571428571429, 71.9298245614035]"
V24,"[0, 0.85, 1]",2.218770591337492,"[57.00697526949905, 42.99302473050095]","[60.0, 40.0]","[70.52280311457174, 69.32153392330383]","[70.46413502109705, 72.15189873417721]"
V24,"[0, 0.9, 1]",2.4801070989351643,"[58.90932149651237, 41.09067850348763]","[62.53164556962025, 37.46835443037975]","[70.50592034445641, 69.29012345679013]","[70.8502024291498, 71.62162162162163]"
V25,"[0, 0.45, 1]",5.914141921574218,"[91.62967660114141, 8.370323398858591]","[91.89873417721519, 8.10126582278481]","[68.85813148788927, 82.57575757575758]","[71.900826446281, 62.5]"
V25,"[0, 0.5, 1]",5.274758348416214,"[91.81991122384274, 8.18008877615726]","[92.15189873417722, 7.848101265822785]","[68.92265193370166, 82.17054263565892]","[71.7032967032967, 64.51612903225806]"
V25,"[0, 0.55, 1]",5.057449902494923,"[92.01014584654406, 7.989854153455929]","[92.15189873417722, 7.848101265822785]","[68.986905582357, 81.74603174603175]","[71.7032967032967, 64.51612903225806]"
V25,"[0, 0.6, 1]",4.819479916175666,"[92.13696892834496, 7.863031071655041]","[93.16455696202532, 6.8354430379746836]","[69.02959394356503, 81.45161290322581]","[71.46739130434783, 66.66666666666666]"
V25,"[0, 0.65, 1]",4.635402558706261,"[92.58084971464807, 7.419150285351934]","[93.67088607594937, 6.329113924050633]","[69.04109589041096, 82.05128205128204]","[71.35135135135135, 68.0]"
V25,"[0, 0.7, 1]",4.175393873824668,"[92.83449587824984, 7.165504121750159]","[93.92405063291139, 6.075949367088607]","[68.98907103825137, 83.1858407079646]","[71.15902964959568, 70.83333333333334]"
V25,"[0, 0.75, 1]",4.438408926603606,"[93.02473050095116, 6.975269499048826]","[93.92405063291139, 6.075949367088607]","[68.9161554192229, 84.54545454545455]","[71.15902964959568, 70.83333333333334]"
V25,"[0, 0.8, 1]",4.365963380720018,"[93.08814204185161, 6.911857958148383]","[93.92405063291139, 6.075949367088607]","[68.93732970027247, 84.40366972477065]","[71.15902964959568, 70.83333333333334]"
V25,"[0, 0.85, 1]",12.513361926702252,"[97.71718452758402, 2.28281547241598]","[98.73417721518987, 1.2658227848101267]","[69.63011031797534, 86.11111111111111]","[71.53846153846153, 40.0]"
V25,"[0, 0.9, 1]",9.180077223306885,"[98.09765377298667, 1.9023462270133165]","[98.9873417721519, 1.0126582278481013]","[69.74789915966386, 83.33333333333334]","[71.35549872122762, 50.0]"
V26,"[0, 0.45, 1]",2.0188992380424193,"[87.82498414711478, 12.175015852885226]","[90.63291139240506, 9.367088607594937]","[69.09747292418773, 76.5625]","[70.6703910614525, 75.67567567567568]"
V26,"[0, 0.5, 1]",2.061086279557995,"[88.07863031071655, 11.92136968928345]","[90.88607594936708, 9.113924050632912]","[69.18646508279338, 76.06382978723404]","[70.75208913649024, 75.0]"
V26,"[0, 0.55, 1]",1.711428495710678,"[88.39568801521877, 11.60431198478123]","[90.88607594936708, 9.113924050632912]","[69.29698708751793, 75.40983606557377]","[70.75208913649024, 75.0]"
V26,"[0, 0.6, 1]",1.6694215991367578,"[88.71274571972098, 11.28725428027901]","[90.88607594936708, 9.113924050632912]","[69.26375982844888, 75.84269662921348]","[70.75208913649024, 75.0]"
V26,"[0, 0.65, 1]",1.3818559278967255,"[88.96639188332276, 11.033608116677234]","[90.88607594936708, 9.113924050632912]","[69.35138987883107, 75.28735632183908]","[70.75208913649024, 75.0]"
V26,"[0, 0.7, 1]",1.9377048105775283,"[89.47368421052632, 10.526315789473683]","[91.89873417721519, 8.10126582278481]","[69.24167257264352, 76.50602409638554]","[70.52341597796143, 78.125]"
V26,"[0, 0.75, 1]",2.0717773918683804,"[89.91756499682943, 10.082435003170577]","[92.40506329113924, 7.59493670886076]","[69.1114245416079, 77.9874213836478]","[70.41095890410959, 80.0]"
V26,"[0, 0.8, 1]",4.251749341037598,"[92.13696892834496, 7.863031071655041]","[95.18987341772151, 4.810126582278481]","[69.3737095664143, 77.41935483870968]","[71.27659574468085, 68.42105263157895]"
V26,"[0, 0.85, 1]",3.829033996663708,"[93.27837666455295, 6.721623335447051]","[95.69620253164557, 4.30379746835443]","[69.34058463630184, 79.24528301886792]","[71.16402116402116, 70.58823529411765]"
V26,"[0, 0.9, 1]",4.745827384001778,"[93.91249207355739, 6.087507926442613]","[96.20253164556962, 3.79746835443038]","[69.41255908170156, 79.16666666666666]","[71.3157894736842, 66.66666666666666]"
V27,"[0, 0.45, 1]",1.0298942231872434,"[50.856055802156, 49.14394419784401]","[49.87341772151899, 50.12658227848101]","[67.33167082294264, 72.7741935483871]","[67.51269035532995, 74.74747474747475]"
V27,"[0, 0.5, 1]",1.3896729264102845,"[52.25110970196576, 47.74889029803424]","[50.63291139240506, 49.36708860759494]","[67.1116504854369, 73.17397078353254]","[67.0, 75.38461538461539]"
V27,"[0, 0.55, 1]",1.5900046764334164,"[53.58275206087508, 46.41724793912492]","[51.64556962025316, 48.35443037974684]","[67.33727810650888, 73.08743169398907]","[67.15686274509804, 75.39267015706807]"
V27,"[0, 0.6, 1]",1.7632320644076138,"[54.470513633481296, 45.529486366518704]","[52.40506329113924, 47.59493670886076]","[67.52037252619326, 72.98050139275766]","[67.14975845410628, 75.53191489361703]"
V27,"[0, 0.65, 1]",1.1675025593053086,"[55.10462904248573, 44.89537095751427]","[53.92405063291139, 46.07594936708861]","[67.54890678941312, 73.0225988700565]","[67.6056338028169, 75.27472527472527]"
V27,"[0, 0.7, 1]",1.6614201186141067,"[56.436271401395054, 43.563728598604946]","[54.936708860759495, 45.063291139240505]","[67.86516853932584, 72.7802037845706]","[67.2811059907834, 75.84269662921348]"
V27,"[0, 0.75, 1]",2.08791180830921,"[58.5288522511097, 41.471147748890296]","[55.949367088607595, 44.050632911392405]","[68.25568797399784, 72.47706422018348]","[67.87330316742081, 75.28735632183908]"
V27,"[0, 0.8, 1]",1.8970444408322447,"[62.52377932783767, 37.476220672162334]","[60.0, 40.0]","[68.96551724137932, 71.74280879864637]","[69.19831223628692, 74.0506329113924]"
V27,"[0, 0.85, 1]",1.311318534687441,"[64.80659480025365, 35.19340519974635]","[63.54430379746835, 36.45569620253165]","[68.59099804305285, 72.61261261261261]","[68.92430278884463, 75.0]"
V27,"[0, 0.9, 1]",1.2623829457793114,"[69.4990488268865, 30.500951173113506]","[68.10126582278481, 31.89873417721519]","[68.88686131386861, 72.55717255717255]","[69.88847583643123, 73.80952380952381]"
V28,"[0, 0.45, 1]",1.2376897430923641,"[76.72796448953709, 23.272035510462903]","[75.44303797468355, 24.556962025316455]","[68.18181818181817, 76.02179836512262]","[69.79865771812081, 75.25773195876289]"
V28,"[0, 0.5, 1]",0.8318121391242732,"[78.12301838934687, 21.87698161065314]","[77.9746835443038, 22.025316455696203]","[68.34415584415584, 75.94202898550725]","[69.15584415584416, 78.16091954022988]"
V28,"[0, 0.55, 1]",0.7575269486184073,"[79.07419150285352, 20.92580849714648]","[78.9873417721519, 21.012658227848103]","[68.32397754611067, 76.36363636363637]","[69.23076923076923, 78.3132530120482]"
V28,"[0, 0.6, 1]",1.0732973656318476,"[79.7717184527584, 20.228281547241597]","[79.49367088607595, 20.506329113924053]","[68.5214626391097, 75.86206896551724]","[69.10828025477707, 79.01234567901234]"
V28,"[0, 0.65, 1]",1.3783194551208586,"[80.72289156626506, 19.27710843373494]","[79.49367088607595, 20.506329113924053]","[68.42105263157895, 76.64473684210526]","[69.10828025477707, 79.01234567901234]"
V28,"[0, 0.7, 1]",1.626334199112466,"[81.99112238427394, 18.008877615726064]","[80.75949367088607, 19.240506329113924]","[68.8321732405259, 75.35211267605634]","[69.27899686520375, 78.94736842105263]"
V28,"[0, 0.75, 1]",1.844568399448974,"[82.94229549778059, 17.057704502219405]","[81.51898734177216, 18.48101265822785]","[68.65443425076452, 76.57992565055763]","[68.94409937888199, 80.82191780821918]"
V28,"[0, 0.8, 1]",2.17452439437319,"[85.85922637920102, 14.140773620798985]","[83.54430379746836, 16.455696202531644]","[69.20236336779911, 74.88789237668162]","[69.6969696969697, 78.46153846153847]"
V28,"[0, 0.85, 1]",2.628213248067929,"[86.87381103360812, 13.126188966391883]","[84.30379746835443, 15.69620253164557]","[69.41605839416059, 73.91304347826086]","[69.66966966966966, 79.03225806451613]"
V28,"[0, 0.9, 1]",3.081723581704546,"[88.142041851617, 11.857958148383005]","[85.31645569620252, 14.683544303797468]","[69.64028776978417, 72.72727272727273]","[69.73293768545994, 79.3103448275862]"
V29,"[0, 0.45, 1]",2.0265966610102932,"[55.99239061509195, 44.00760938490805]","[52.911392405063296, 47.08860759493671]","[67.15741789354473, 73.63112391930837]","[67.46411483253588, 75.26881720430107]"
V29,"[0, 0.5, 1]",1.8867370480377375,"[57.57767913760304, 42.42232086239696]","[54.68354430379747, 45.31645569620253]","[67.07048458149781, 73.99103139013454]","[68.51851851851852, 74.30167597765363]"
V29,"[0, 0.55, 1]",1.6631201265861328,"[59.22637920101459, 40.77362079898542]","[56.9620253164557, 43.037974683544306]","[67.13062098501071, 74.18351477449455]","[67.55555555555556, 75.88235294117646]"
V29,"[0, 0.6, 1]",1.881209786264547,"[60.49461001902346, 39.50538998097654]","[57.72151898734177, 42.278481012658226]","[67.29559748427673, 74.15730337078652]","[67.98245614035088, 75.44910179640718]"
V29,"[0, 0.65, 1]",1.7687949009972908,"[61.953075459733675, 38.04692454026633]","[59.49367088607595, 40.50632911392405]","[67.55373592630501, 74.0]","[68.08510638297872, 75.625]"
V29,"[0, 0.7, 1]",0.8159617152991334,"[62.96766011414078, 37.03233988585923]","[62.278481012658226, 37.721518987341774]","[67.5730110775428, 74.14383561643835]","[69.10569105691057, 74.49664429530202]"
V29,"[0, 0.75, 1]",0.8940187734050511,"[64.36271401395054, 35.63728598604946]","[63.54430379746835, 36.45569620253165]","[67.19211822660098, 75.08896797153025]","[68.52589641434263, 75.69444444444444]"
V29,"[0, 0.8, 1]",0.7442323403816751,"[65.82117945466075, 34.17882054533925]","[65.56962025316456, 34.43037974683544]","[67.14836223506744, 75.51020408163265]","[69.1119691119691, 75.0]"
V29,"[0, 0.85, 1]",1.3437079661133282,"[70.45022194039315, 29.549778059606847]","[68.86075949367088, 31.139240506329113]","[68.13681368136814, 74.46351931330472]","[69.85294117647058, 73.98373983739837]"
V29,"[0, 0.9, 1]",0.4875465165358639,"[73.62079898541535, 26.379201014584652]","[73.67088607594937, 26.329113924050635]","[68.73385012919897, 73.5576923076923]","[70.10309278350515, 74.03846153846155]"
V30,"[0, 0.45, 1]",0.6858839243745498,"[94.73684210526315, 5.263157894736842]","[95.18987341772151, 4.810126582278481]","[69.47791164658635, 79.51807228915662]","[70.74468085106383, 78.94736842105263]"
V30,"[0, 0.5, 1]",0.6125653237319766,"[94.99048826886494, 5.009511731135067]","[95.18987341772151, 4.810126582278481]","[69.49265687583444, 79.74683544303798]","[70.74468085106383, 78.94736842105263]"
V30,"[0, 0.55, 1]",0.5108576151636717,"[95.05389980976537, 4.946100190234623]","[95.18987341772151, 4.810126582278481]","[69.5130086724483, 79.48717948717949]","[70.74468085106383, 78.94736842105263]"
V30,"[0, 0.6, 1]",0.9935436104205349,"[95.18072289156626, 4.819277108433735]","[95.18987341772151, 4.810126582278481]","[69.42038640906063, 81.57894736842105]","[70.74468085106383, 78.94736842105263]"
V30,"[0, 0.65, 1]",1.8403371848338692,"[95.62460367786937, 4.375396322130628]","[95.18987341772151, 4.810126582278481]","[69.36339522546419, 84.05797101449275]","[70.74468085106383, 78.94736842105263]"
V30,"[0, 0.7, 1]",1.6498649942769643,"[96.19530754597336, 3.804692454026633]","[95.69620253164557, 4.30379746835443]","[69.34739617666446, 86.66666666666667]","[70.63492063492063, 82.35294117647058]"
V30,"[0, 0.75, 1]",0.9181116189544057,"[96.63918833227648, 3.3608116677235254]","[96.20253164556962, 3.79746835443038]","[69.48818897637796, 84.90566037735849]","[70.52631578947368, 86.66666666666667]"
V30,"[0, 0.8, 1]",2.174816868187097,"[97.01965757767914, 2.9803424223208625]","[96.70886075949367, 3.2911392405063293]","[69.54248366013071, 85.1063829787234]","[70.41884816753927, 92.3076923076923]"
V30,"[0, 0.85, 1]",4.419465385399725,"[97.33671528218136, 2.6632847178186427]","[97.46835443037975, 2.5316455696202533]","[69.64169381107493, 83.33333333333334]","[70.3896103896104, 100.0]"
V30,"[0, 0.9, 1]",4.488827605635791,"[99.61953075459733, 0.3804692454026633]","[99.49367088607595, 0.5063291139240507]","[69.95544239338001, 83.33333333333334]","[70.99236641221374, 100.0]"
V31,"[0, 0.45, 1]",3.3688684618845874,"[9.194673430564363, 90.80532656943564]","[6.329113924050633, 93.67088607594937]","[73.10344827586206, 69.6927374301676]","[80.0, 70.54054054054055]"
V31,"[0, 0.5, 1]",3.3996940441836685,"[10.589727330374128, 89.41027266962587]","[7.341772151898734, 92.65822784810128]","[73.05389221556887, 69.64539007092199]","[79.3103448275862, 70.49180327868852]"
V31,"[0, 0.55, 1]",3.8794744123835136,"[11.477488902980342, 88.52251109701966]","[7.341772151898734, 92.65822784810128]","[72.92817679558011, 69.62750716332378]","[79.3103448275862, 70.49180327868852]"
V31,"[0, 0.6, 1]",2.6072293622500853,"[12.555485098287889, 87.44451490171211]","[8.60759493670886, 91.39240506329114]","[72.22222222222221, 69.6881798404641]","[73.52941176470588, 70.91412742382272]"
V31,"[0, 0.65, 1]",3.1457656551621422,"[13.950538998097652, 86.04946100190234]","[10.126582278481013, 89.87341772151899]","[70.9090909090909, 69.85998526160648]","[75.0, 70.70422535211267]"
V31,"[0, 0.7, 1]",3.1880297401181057,"[15.155358275206087, 84.84464172479392]","[11.139240506329113, 88.86075949367088]","[71.1297071129707, 69.80568011958147]","[75.0, 70.65527065527066]"
V31,"[0, 0.75, 1]",2.9336022001271824,"[16.67723525681674, 83.32276474318327]","[13.670886075949367, 86.32911392405063]","[70.72243346007605, 69.86301369863014]","[75.92592592592592, 70.38123167155426]"
V31,"[0, 0.8, 1]",3.303506153037661,"[18.325935320228282, 81.67406467977172]","[15.443037974683543, 84.55696202531645]","[71.280276816609, 69.72049689440993]","[78.68852459016394, 69.76047904191617]"
V31,"[0, 0.85, 1]",4.303614722170708,"[21.2428662016487, 78.7571337983513]","[16.962025316455694, 83.0379746835443]","[70.74626865671641, 69.80676328502415]","[79.1044776119403, 69.51219512195121]"
V31,"[0, 0.9, 1]",4.092273054355296,"[80.40583386176284, 19.59416613823716]","[76.70886075949367, 23.29113924050633]","[68.92744479495269, 74.4336569579288]","[71.94719471947195, 68.47826086956522]"
V32,"[0, 0.45, 1]",1.0037771854645694,"[62.39695624603678, 37.60304375396322]","[63.29113924050633, 36.708860759493675]","[67.3780487804878, 74.36762225969646]","[68.8, 75.17241379310344]"
V32,"[0, 0.5, 1]",0.6289547354334601,"[65.50412175015853, 34.495878249841475]","[65.31645569620254, 34.68354430379747]","[67.37657308809293, 75.0]","[68.6046511627907, 75.91240875912408]"
V32,"[0, 0.55, 1]",0.6788691476911168,"[67.91376030437539, 32.0862396956246]","[67.59493670886076, 32.40506329113924]","[67.50700280112045, 75.29644268774703]","[69.28838951310861, 75.0]"
V32,"[0, 0.6, 1]",0.9619911175282896,"[70.64045656309447, 29.359543436905515]","[70.37974683544303, 29.620253164556964]","[68.04308797127469, 74.73002159827213]","[70.14388489208633, 73.50427350427351]"
V32,"[0, 0.65, 1]",1.5051254984368132,"[73.5573874445149, 26.442612555485102]","[75.69620253164557, 24.30379746835443]","[67.8448275862069, 76.01918465227818]","[69.56521739130434, 76.04166666666666]"
V32,"[0, 0.7, 1]",1.0292242663294564,"[76.53772986683578, 23.462270133164235]","[77.46835443037975, 22.531645569620252]","[68.35128417564209, 75.4054054054054]","[69.6078431372549, 76.40449438202246]"
V32,"[0, 0.75, 1]",2.131274298069541,"[80.15218769816107, 19.847812301838935]","[82.53164556962025, 17.468354430379744]","[68.59177215189874, 75.71884984025559]","[70.5521472392638, 73.91304347826086]"
V32,"[0, 0.8, 1]",2.5524609501273114,"[83.89346861128726, 16.106531388712746]","[87.0886075949367, 12.91139240506329]","[68.40513983371126, 78.34645669291339]","[70.34883720930233, 76.47058823529412]"
V32,"[0, 0.85, 1]",1.6124595598702531,"[90.74191502853519, 9.258084971464807]","[90.88607594936708, 9.113924050632912]","[69.04262753319357, 79.45205479452055]","[70.75208913649024, 75.0]"
V32,"[0, 0.9, 1]",3.3232516275859485,"[95.30754597336716, 4.692454026632848]","[95.18987341772151, 4.810126582278481]","[69.52761144377911, 79.72972972972973]","[71.27659574468085, 68.42105263157895]"
V33,"[0, 0.45, 1]",6.260014289634707,"[19.403931515535827, 80.59606848446417]","[15.69620253164557, 84.30379746835443]","[68.62745098039215, 70.33831628638868]","[54.83870967741935, 74.17417417417418]"
V33,"[0, 0.5, 1]",6.6491869843233395,"[24.28662016487001, 75.71337983512998]","[20.0, 80.0]","[70.23498694516971, 69.93299832495813]","[56.9620253164557, 74.68354430379746]"
V33,"[0, 0.55, 1]",4.244508516799263,"[28.408370323398856, 71.59162967660114]","[25.31645569620253, 74.68354430379746]","[68.97321428571429, 70.4162976085031]","[62.0, 74.23728813559322]"
V33,"[0, 0.6, 1]",3.68828753703463,"[35.003170577045026, 64.99682942295499]","[31.645569620253166, 68.35443037974683]","[69.20289855072464, 70.4390243902439]","[64.8, 74.07407407407408]"
V33,"[0, 0.65, 1]",3.8492676150513088,"[41.217501585288524, 58.78249841471148]","[39.24050632911392, 60.75949367088608]","[69.07692307692308, 70.65803667745415]","[63.2258064516129, 76.25]"
V33,"[0, 0.7, 1]",3.087520399283978,"[47.305009511731136, 52.694990488268864]","[45.822784810126585, 54.177215189873415]","[69.16890080428955, 70.7581227436823]","[65.19337016574586, 76.16822429906543]"
V33,"[0, 0.75, 1]",3.8316615245294496,"[53.58275206087508, 46.41724793912492]","[51.13924050632911, 48.860759493670884]","[69.3491124260355, 70.76502732240438]","[65.34653465346535, 77.2020725388601]"
V33,"[0, 0.8, 1]",2.9311170519020386,"[58.97273303741281, 41.02726696258719]","[59.49367088607595, 40.50632911392405]","[68.70967741935485, 71.87017001545595]","[65.53191489361701, 79.375]"
V33,"[0, 0.85, 1]",1.8776475699897865,"[67.08941027266962, 32.910589727330375]","[66.83544303797468, 33.164556962025316]","[69.37618147448015, 71.29094412331408]","[68.18181818181817, 77.09923664122137]"
V33,"[0, 0.9, 1]",2.4441369371936092,"[73.87444514901712, 26.12555485098288]","[74.43037974683544, 25.569620253164555]","[69.78540772532189, 70.63106796116504]","[68.70748299319727, 78.21782178217822]"
V34,"[0, 0.45, 1]",1.1433330949671492,"[96.8294229549778, 3.1705770450221937]","[97.46835443037975, 2.5316455696202533]","[69.6136214800262, 82.0]","[70.9090909090909, 80.0]"
V34,"[0, 0.5, 1]",0.7460864574750664,"[97.01965757767914, 2.9803424223208625]","[97.46835443037975, 2.5316455696202533]","[69.67320261437908, 80.85106382978722]","[70.9090909090909, 80.0]"
V34,"[0, 0.55, 1]",1.0318852727167798,"[97.14648065948003, 2.8535193405199744]","[97.46835443037975, 2.5316455696202533]","[69.64751958224544, 82.22222222222221]","[70.9090909090909, 80.0]"
V34,"[0, 0.6, 1]",1.0318852727167798,"[97.14648065948003, 2.8535193405199744]","[97.46835443037975, 2.5316455696202533]","[69.64751958224544, 82.22222222222221]","[70.9090909090909, 80.0]"
V34,"[0, 0.65, 1]",1.0318852727167798,"[97.14648065948003, 2.8535193405199744]","[97.46835443037975, 2.5316455696202533]","[69.64751958224544, 82.22222222222221]","[70.9090909090909, 80.0]"
V34,"[0, 0.7, 1]",1.7328643691179226,"[97.14648065948003, 2.8535193405199744]","[97.72151898734177, 2.278481012658228]","[69.64751958224544, 82.22222222222221]","[70.98445595854922, 77.77777777777779]"
V34,"[0, 0.75, 1]",1.7328643691179226,"[97.14648065948003, 2.8535193405199744]","[97.72151898734177, 2.278481012658228]","[69.64751958224544, 82.22222222222221]","[70.98445595854922, 77.77777777777779]"
V34,"[0, 0.8, 1]",1.9169812783376674,"[97.33671528218136, 2.6632847178186427]","[97.72151898734177, 2.278481012658228]","[69.64169381107493, 83.33333333333334]","[70.98445595854922, 77.77777777777779]"
V34,"[0, 0.85, 1]",2.1438275484610116,"[97.52694990488268, 2.4730500951173116]","[97.72151898734177, 2.278481012658228]","[69.63589076723017, 84.61538461538461]","[70.98445595854922, 77.77777777777779]"
V34,"[0, 0.9, 1]",0.28322483805976617,"[100.0, 0]","[100.0, 0]","[70.00634115409005, 0]","[71.13924050632912, 0]"
V35,"[0, 0.45, 1]",4.805520772506349,"[72.98668357641091, 27.013316423589096]","[68.86075949367088, 31.139240506329113]","[68.98349261511729, 72.76995305164318]","[66.54411764705883, 81.30081300813008]"
V35,"[0, 0.5, 1]",3.821266594004797,"[74.88902980342422, 25.110970196575778]","[71.13924050632912, 28.860759493670884]","[68.58594411515665, 74.24242424242425]","[67.25978647686833, 80.7017543859649]"
V35,"[0, 0.55, 1]",3.4075368933574612,"[76.1572606214331, 23.8427393785669]","[72.40506329113924, 27.59493670886076]","[68.60949208992506, 74.46808510638297]","[67.83216783216784, 79.81651376146789]"
V35,"[0, 0.6, 1]",2.723277096819194,"[77.23525681674064, 22.764743183259352]","[74.17721518987341, 25.82278481012658]","[68.55500821018062, 74.93036211699165]","[68.25938566552901, 79.41176470588235]"
V35,"[0, 0.65, 1]",3.039995990090649,"[77.93278376664553, 22.06721623335447]","[75.69620253164557, 24.30379746835443]","[68.75508543531326, 74.42528735632183]","[67.89297658862876, 81.25]"
V35,"[0, 0.7, 1]",1.9269052331126284,"[78.37666455294864, 21.623335447051364]","[77.21518987341773, 22.78481012658228]","[68.68932038834951, 74.7800586510264]","[68.52459016393443, 80.0]"
V35,"[0, 0.75, 1]",1.5706701851715277,"[79.45466074825617, 20.545339251743815]","[78.22784810126582, 21.772151898734176]","[68.55546687948923, 75.61728395061729]","[68.93203883495146, 79.06976744186046]"
V35,"[0, 0.8, 1]",0.8051969525224711,"[80.2155992390615, 19.784400760938492]","[79.74683544303798, 20.253164556962027]","[68.45849802371542, 76.28205128205127]","[69.52380952380952, 77.5]"
V35,"[0, 0.85, 1]",0.8030535255723406,"[81.86429930247306, 18.13570069752695]","[82.02531645569621, 17.974683544303797]","[68.70642912470953, 75.87412587412588]","[70.37037037037037, 74.64788732394366]"
V35,"[0, 0.9, 1]",1.6441355832707747,"[86.49334178820546, 13.506658211794548]","[86.83544303797468, 13.164556962025317]","[69.20821114369502, 75.11737089201877]","[71.13702623906705, 71.15384615384616]"
V36,"[0, 0.45, 1]",0.9849948023630031,"[46.35383639822448, 53.64616360177552]","[47.08860759493671, 52.911392405063296]","[66.62106703146374, 72.93144208037825]","[68.81720430107528, 73.20574162679426]"
V36,"[0, 0.5, 1]",0.8683468113527368,"[47.05136334812936, 52.94863665187064]","[47.59493670886076, 52.40506329113924]","[66.84636118598382, 72.81437125748504]","[68.61702127659575, 73.42995169082126]"
V36,"[0, 0.55, 1]",0.6445555972459491,"[48.25618262523779, 51.7438173747622]","[48.10126582278481, 51.89873417721519]","[67.01708278580814, 72.79411764705883]","[68.42105263157895, 73.65853658536585]"
V36,"[0, 0.6, 1]",1.175196474799801,"[49.65123652504756, 50.34876347495244]","[48.35443037974684, 51.64556962025316]","[67.30523627075351, 72.67002518891688]","[68.06282722513089, 74.01960784313727]"
V36,"[0, 0.65, 1]",0.8796987830761207,"[50.285351934052, 49.714648065948005]","[49.62025316455696, 50.37974683544304]","[67.59142496847414, 72.44897959183673]","[67.85714285714286, 74.37185929648241]"
V36,"[0, 0.7, 1]",0.5932341566293537,"[51.68040583386176, 48.31959416613824]","[51.64556962025316, 48.35443037974684]","[67.60736196319019, 72.57217847769029]","[68.13725490196079, 74.3455497382199]"
V36,"[0, 0.75, 1]",0.8728913918120664,"[53.202282815472415, 46.797717184527585]","[52.65822784810127, 47.34177215189874]","[67.81883194278903, 72.49322493224932]","[67.78846153846155, 74.8663101604278]"
V36,"[0, 0.8, 1]",0.9486396390500875,"[56.9435637285986, 43.056436271401395]","[56.20253164556962, 43.79746835443038]","[68.59688195991092, 71.87039764359352]","[69.36936936936937, 73.41040462427746]"
V36,"[0, 0.85, 1]",0.7480628849771165,"[58.592263792010144, 41.407736207989856]","[58.22784810126582, 41.77215189873418]","[68.5064935064935, 72.12863705972435]","[69.56521739130434, 73.33333333333333]"
V36,"[0, 0.9, 1]",1.0564428116955913,"[61.82625237793279, 38.17374762206722]","[60.75949367088608, 39.24050632911392]","[68.71794871794872, 72.09302325581395]","[70.0, 72.90322580645162]"
V37,"[0, 0.45, 1]",2.4226337538854104,"[50.602409638554214, 49.39759036144578]","[47.34177215189874, 52.65822784810127]","[68.04511278195488, 72.01540436456996]","[67.37967914438502, 74.51923076923077]"
V37,"[0, 0.5, 1]",1.6952067042889567,"[52.25110970196576, 47.74889029803424]","[49.87341772151899, 50.12658227848101]","[67.59708737864078, 72.64276228419655]","[68.52791878172589, 73.73737373737373]"
V37,"[0, 0.55, 1]",1.9618988892251146,"[53.3291058972733, 46.6708941027267]","[50.37974683544304, 49.62025316455696]","[67.53864447086801, 72.82608695652173]","[68.84422110552764, 73.46938775510205]"
V37,"[0, 0.6, 1]",2.2316177153592847,"[54.78757133798351, 45.212428662016485]","[51.392405063291136, 48.60759493670886]","[67.47685185185185, 73.07152875175316]","[69.45812807881774, 72.91666666666666]"
V37,"[0, 0.65, 1]",1.791468112926868,"[56.24603677869372, 43.75396322130628]","[53.67088607594936, 46.32911392405064]","[67.86922209695602, 72.7536231884058]","[68.86792452830188, 73.77049180327869]"
V37,"[0, 0.7, 1]",1.307524147699354,"[58.78249841471148, 41.217501585288524]","[57.21518987341773, 42.78481012658228]","[68.28478964401295, 72.46153846153847]","[69.46902654867256, 73.37278106508876]"
V37,"[0, 0.75, 1]",0.9028447949269118,"[60.81166772352569, 39.18833227647432]","[60.0, 40.0]","[68.50886339937435, 72.33009708737865]","[70.042194092827, 72.78481012658227]"
V37,"[0, 0.8, 1]",0.8437038625007407,"[63.79201014584655, 36.20798985415345]","[63.037974683544306, 36.9620253164557]","[68.68787276341949, 72.3292469352014]","[70.28112449799197, 72.6027397260274]"
V37,"[0, 0.85, 1]",1.8785462684390817,"[70.3868103994927, 29.613189600507294]","[67.59493670886076, 32.40506329113924]","[69.1891891891892, 71.94860813704497]","[70.4119850187266, 72.65625]"
V37,"[0, 0.9, 1]",4.039022222707371,"[78.3132530120482, 21.686746987951807]","[75.44303797468355, 24.556962025316455]","[69.23076923076923, 72.80701754385966]","[72.81879194630872, 65.97938144329896]"
V38,"[0, 0.45, 1]",1.8057964675741816,"[94.29296131896005, 5.707038681039949]","[94.68354430379748, 5.3164556962025316]","[69.33422999327506, 81.11111111111111]","[70.85561497326202, 76.19047619047619]"
V38,"[0, 0.5, 1]",1.8057964675741816,"[94.29296131896005, 5.707038681039949]","[94.68354430379748, 5.3164556962025316]","[69.33422999327506, 81.11111111111111]","[70.85561497326202, 76.19047619047619]"
V38,"[0, 0.55, 1]",1.8057964675741816,"[94.29296131896005, 5.707038681039949]","[94.68354430379748, 5.3164556962025316]","[69.33422999327506, 81.11111111111111]","[70.85561497326202, 76.19047619047619]"
V38,"[0, 0.6, 1]",2.0983026014536392,"[94.61001902346227, 5.389980976537729]","[94.9367088607595, 5.063291139240507]","[69.36997319034852, 81.17647058823529]","[70.93333333333334, 75.0]"
V38,"[0, 0.65, 1]",2.005445482520465,"[94.67343056436272, 5.3265694356372855]","[94.9367088607595, 5.063291139240507]","[69.39048894842598, 80.95238095238095]","[70.93333333333334, 75.0]"
V38,"[0, 0.7, 1]",1.7186156508042838,"[94.86366518706404, 5.136334812935954]","[94.9367088607595, 5.063291139240507]","[69.45187165775401, 80.24691358024691]","[70.93333333333334, 75.0]"
V38,"[0, 0.75, 1]",2.3279887738789267,"[94.99048826886494, 5.009511731135067]","[95.18987341772151, 4.810126582278481]","[69.42590120160213, 81.0126582278481]","[71.01063829787235, 73.68421052631578]"
V38,"[0, 0.8, 1]",2.2785139600302715,"[95.49778059606848, 4.502219403931516]","[95.9493670886076, 4.050632911392405]","[69.45551128818062, 81.69014084507043]","[70.97625329815304, 75.0]"
V38,"[0, 0.85, 1]",8.392723599874072,"[98.35129993658846, 1.6487000634115407]","[98.9873417721519, 1.0126582278481013]","[69.82591876208897, 80.76923076923077]","[71.35549872122762, 50.0]"
V38,"[0, 0.9, 1]",8.976720803271032,"[98.47812301838935, 1.5218769816106532]","[98.9873417721519, 1.0126582278481013]","[69.80038634900193, 83.33333333333334]","[71.35549872122762, 50.0]"
V39,"[0, 0.45, 1]",0.8846786668590116,"[66.51870640456563, 33.481293595434366]","[66.58227848101265, 33.41772151898734]","[68.82745471877979, 72.34848484848484]","[71.10266159695817, 71.21212121212122]"
V39,"[0, 0.5, 1]",1.023745777152163,"[68.3576410906785, 31.642358909321494]","[68.10126582278481, 31.89873417721519]","[68.73840445269018, 72.74549098196393]","[71.00371747211895, 71.42857142857143]"
V39,"[0, 0.55, 1]",1.4527069194646245,"[69.75269499048828, 30.24730500951173]","[70.12658227848101, 29.873417721518987]","[68.45454545454545, 73.58490566037736]","[71.11913357400722, 71.1864406779661]"
V39,"[0, 0.6, 1]",2.2145753500021925,"[71.14774889029803, 28.852251109701964]","[72.65822784810126, 27.341772151898734]","[68.62745098039215, 73.4065934065934]","[71.42857142857143, 70.37037037037037]"
V39,"[0, 0.65, 1]",2.832439396730397,"[72.35256816740647, 27.647431832593533]","[75.18987341772151, 24.81012658227848]","[68.71165644171779, 73.39449541284404]","[71.38047138047138, 70.40816326530613]"
V39,"[0, 0.7, 1]",1.6572246383093683,"[74.63538363982245, 25.36461636017755]","[76.70886075949367, 23.29113924050633]","[68.81903143585386, 73.5]","[70.62706270627062, 72.82608695652173]"
V39,"[0, 0.75, 1]",2.427251430656673,"[75.77679137603045, 24.223208623969565]","[79.24050632911393, 20.759493670886076]","[69.1213389121339, 72.77486910994764]","[70.28753993610223, 74.39024390243902]"
V39,"[0, 0.8, 1]",2.0963088794989098,"[78.3132530120482, 21.686746987951807]","[81.26582278481013, 18.734177215189874]","[69.1497975708502, 73.09941520467837]","[70.40498442367601, 74.32432432432432]"
V39,"[0, 0.85, 1]",2.551340658173574,"[80.97653772986683, 19.023462270133166]","[84.05063291139241, 15.949367088607595]","[69.6945967110415, 71.33333333333334]","[70.48192771084338, 74.60317460317461]"
V39,"[0, 0.9, 1]",1.564978712234537,"[85.92263792010147, 14.077362079898542]","[87.59493670886076, 12.40506329113924]","[69.74169741697416, 71.62162162162163]","[70.8092485549133, 73.46938775510205]"
V40,"[0, 0.45, 1]",1.3752053914195947,"[77.36207989854154, 22.637920101458462]","[76.9620253164557, 23.037974683544306]","[69.18032786885246, 72.82913165266106]","[71.38157894736842, 70.32967032967034]"
V40,"[0, 0.5, 1]",2.20849376390992,"[78.7571337983513, 21.2428662016487]","[77.46835443037975, 22.531645569620252]","[69.08212560386472, 73.43283582089552]","[71.56862745098039, 69.66292134831461]"
V40,"[0, 0.55, 1]",2.4818306245930613,"[79.26442612555485, 20.735573874445148]","[78.48101265822784, 21.518987341772153]","[69.04, 73.70030581039755]","[71.93548387096774, 68.23529411764706]"
V40,"[0, 0.6, 1]",1.552500143020195,"[80.59606848446417, 19.403931515535827]","[80.50632911392405, 19.49367088607595]","[69.07946498819827, 73.8562091503268]","[71.38364779874213, 70.12987012987013]"
V40,"[0, 0.65, 1]",1.2148730788920368,"[82.24476854787571, 17.75523145212429]","[81.51898734177216, 18.48101265822785]","[69.08249807247493, 74.28571428571429]","[70.80745341614907, 72.6027397260274]"
V40,"[0, 0.7, 1]",0.7194411860334244,"[84.02029169308814, 15.979708306911858]","[83.29113924050633, 16.70886075949367]","[69.50943396226415, 72.61904761904762]","[70.82066869300911, 72.72727272727273]"
V40,"[0, 0.75, 1]",1.0203975783535575,"[85.35193405199747, 14.648065948002536]","[84.30379746835443, 15.69620253164557]","[69.46508172362556, 73.16017316017316]","[70.87087087087087, 72.58064516129032]"
V40,"[0, 0.8, 1]",1.3873892630337337,"[86.23969562460367, 13.760304375396323]","[85.0632911392405, 14.936708860759493]","[69.55882352941177, 72.81105990783409]","[71.13095238095238, 71.1864406779661]"
V40,"[0, 0.85, 1]",1.7229233779455968,"[90.0443880786303, 9.95561192136969]","[88.60759493670885, 11.39240506329114]","[69.85915492957746, 71.3375796178344]","[71.42857142857143, 68.88888888888889]"
V40,"[0, 0.9, 1]",2.6046367411731715,"[91.37603043753964, 8.623969562460369]","[90.63291139240506, 9.367088607594937]","[70.09021512838306, 69.11764705882352]","[72.06703910614524, 62.16216216216216]"
V41,"[0, 0.45, 1]",1.6115695576293803,"[57.57767913760304, 42.42232086239696]","[55.18987341772152, 44.81012658227848]","[65.63876651982379, 75.93423019431988]","[66.97247706422019, 76.27118644067797]"
V41,"[0, 0.5, 1]",1.6090609746806965,"[58.33861762840837, 41.661382371591635]","[55.949367088607595, 44.050632911392405]","[65.97826086956522, 75.64687975646879]","[67.42081447963801, 75.86206896551724]"
V41,"[0, 0.55, 1]",2.0260972118681693,"[58.97273303741281, 41.02726696258719]","[55.949367088607595, 44.050632911392405]","[65.6989247311828, 76.19783616692428]","[67.42081447963801, 75.86206896551724]"
V41,"[0, 0.6, 1]",1.8034131211474769,"[59.48002536461636, 40.51997463538364]","[57.46835443037974, 42.53164556962025]","[65.99147121535182, 75.8998435054773]","[68.28193832599119, 75.0]"
V41,"[0, 0.65, 1]",2.0935516544653385,"[60.24096385542169, 39.75903614457831]","[57.46835443037974, 42.53164556962025]","[66.21052631578948, 75.75757575757575]","[68.28193832599119, 75.0]"
V41,"[0, 0.7, 1]",2.638960407749856,"[62.016487000634115, 37.983512999365885]","[58.22784810126582, 41.77215189873418]","[66.25766871165644, 76.12687813021702]","[68.26086956521739, 75.15151515151514]"
V41,"[0, 0.75, 1]",2.554678052200771,"[63.47495244134432, 36.52504755865568]","[59.74683544303797, 40.25316455696203]","[66.73326673326673, 75.69444444444444]","[68.64406779661016, 74.84276729559748]"
V41,"[0, 0.8, 1]",2.66489903630457,"[65.69435637285986, 34.30564362714014]","[61.77215189873417, 38.22784810126582]","[66.98841698841699, 75.78558225508318]","[68.85245901639344, 74.83443708609272]"
V41,"[0, 0.85, 1]",3.2624010064663738,"[69.18199112238428, 30.81800887761573]","[65.0632911392405, 34.93670886075949]","[67.55270394133822, 75.51440329218107]","[70.03891050583657, 73.18840579710145]"
V41,"[0, 0.9, 1]",3.6150804565882773,"[72.16233354470513, 27.837666455294862]","[68.35443037974683, 31.645569620253166]","[67.75043936731107, 75.85421412300684]","[70.74074074074073, 72.0]"
V42,"[0, 0.45, 1]",4.550108020783583,"[5.7704502219403935, 94.2295497780596]","[3.79746835443038, 96.20253164556962]","[72.52747252747253, 69.85195154777928]","[60.0, 71.57894736842105]"
V42,"[0, 0.5, 1]",4.775928095734736,"[6.024096385542169, 93.97590361445783]","[4.30379746835443, 95.69620253164557]","[72.63157894736842, 69.83805668016194]","[58.82352941176471, 71.6931216931217]"
V42,"[0, 0.55, 1]",5.665340208150735,"[6.594800253646163, 93.40519974635384]","[4.556962025316456, 95.44303797468355]","[72.11538461538461, 69.85743380855396]","[55.55555555555556, 71.88328912466844]"
V42,"[0, 0.6, 1]",6.805442273549767,"[6.8484464172479385, 93.15155358275206]","[5.063291139240507, 94.9367088607595]","[71.29629629629629, 69.91150442477876]","[50.0, 72.26666666666667]"
V42,"[0, 0.65, 1]",4.166134037061748,"[7.165504121750159, 92.83449587824984]","[6.075949367088607, 93.92405063291139]","[70.79646017699115, 69.94535519125684]","[58.333333333333336, 71.96765498652292]"
V42,"[0, 0.7, 1]",2.9332848523765342,"[10.589727330374128, 89.41027266962587]","[8.60759493670886, 91.39240506329114]","[70.65868263473054, 69.9290780141844]","[64.70588235294117, 71.74515235457064]"
V42,"[0, 0.75, 1]",3.191968766041582,"[16.994292961318962, 83.00570703868104]","[13.41772151898734, 86.58227848101265]","[69.77611940298507, 70.05347593582889]","[66.0377358490566, 71.9298245614035]"
V42,"[0, 0.8, 1]",3.4781129365911223,"[24.15979708306912, 75.84020291693088]","[20.759493670886076, 79.24050632911393]","[70.34120734908137, 69.89966555183946]","[65.85365853658537, 72.52396166134186]"
V42,"[0, 0.85, 1]",2.4791018817735706,"[32.466708941027264, 67.53329105897274]","[31.139240506329113, 68.86075949367088]","[69.7265625, 70.14084507042253]","[65.85365853658537, 73.52941176470588]"
V42,"[0, 0.9, 1]",1.897561466097299,"[42.92961318960051, 57.0703868103995]","[40.25316455696203, 59.74683544303797]","[70.01477104874446, 70.0]","[69.81132075471697, 72.03389830508475]"
V43,"[0, 0.45, 1]",1.1274379875885385,"[29.042485732403296, 70.9575142675967]","[27.848101265822784, 72.15189873417721]","[68.12227074235808, 70.77747989276139]","[69.0909090909091, 71.9298245614035]"
V43,"[0, 0.5, 1]",1.6450250023758226,"[33.734939759036145, 66.26506024096386]","[31.89873417721519, 68.10126582278481]","[67.29323308270678, 71.38755980861245]","[69.84126984126983, 71.74721189591078]"
V43,"[0, 0.55, 1]",2.1369374869021804,"[42.168674698795186, 57.831325301204814]","[40.25316455696203, 59.74683544303797]","[67.81954887218045, 71.60087719298247]","[71.69811320754717, 70.76271186440678]"
V43,"[0, 0.6, 1]",1.4159923745906529,"[52.63157894736842, 47.368421052631575]","[51.64556962025316, 48.35443037974684]","[69.63855421686746, 70.41499330655957]","[72.54901960784314, 69.63350785340315]"
V43,"[0, 0.65, 1]",1.4237938350919972,"[68.73811033608118, 31.261889663918836]","[70.37974683544303, 29.620253164556964]","[70.47970479704797, 68.96551724137932]","[72.3021582733813, 68.37606837606837]"
V43,"[0, 0.7, 1]",3.3737969261022043,"[75.01585288522512, 24.98414711477489]","[78.48101265822784, 21.518987341772153]","[70.41420118343196, 68.78172588832487]","[72.90322580645162, 64.70588235294117]"
V43,"[0, 0.75, 1]",2.7913760422896807,"[80.91312618896639, 19.08687381103361]","[82.53164556962025, 17.468354430379744]","[70.53291536050156, 67.77408637873754]","[73.00613496932516, 62.31884057971014]"
V43,"[0, 0.8, 1]",2.4677028213536314,"[81.86429930247306, 18.13570069752695]","[83.0379746835443, 16.962025316455694]","[70.48799380325329, 67.83216783216784]","[72.86585365853658, 62.68656716417911]"
V43,"[0, 0.85, 1]",3.770772207032067,"[84.90805326569436, 15.091946734305644]","[85.56962025316456, 14.430379746835442]","[70.57505601194921, 66.80672268907563]","[73.66863905325444, 56.14035087719298]"
V43,"[0, 0.9, 1]",3.8339032136715656,"[85.79581483830057, 14.204185161699428]","[86.58227848101265, 13.41772151898734]","[70.43606799704361, 67.41071428571429]","[73.39181286549707, 56.60377358490566]"
V44,"[0, 0.45, 1]",2.089590535398127,"[40.32974001268231, 59.670259987317685]","[43.037974683544306, 56.9620253164557]","[70.75471698113208, 69.50053134962806]","[73.52941176470588, 69.33333333333334]"
V44,"[0, 0.5, 1]",2.0283152396841064,"[41.471147748890296, 58.5288522511097]","[43.79746835443038, 56.20253164556962]","[70.9480122324159, 69.33911159263272]","[73.98843930635837, 68.91891891891892]"
V44,"[0, 0.55, 1]",1.7920299232006176,"[42.92961318960051, 57.0703868103995]","[45.31645569620253, 54.68354430379747]","[70.90103397341211, 69.33333333333334]","[73.18435754189943, 69.44444444444444]"
V44,"[0, 0.6, 1]",2.1316324460724463,"[44.95878249841471, 55.041217501585294]","[48.10126582278481, 51.89873417721519]","[70.94499294781383, 69.23963133640552]","[73.15789473684211, 69.26829268292683]"
V44,"[0, 0.65, 1]",1.8200524712043702,"[47.81230183893469, 52.18769816106531]","[50.37974683544304, 49.62025316455696]","[71.22015915119363, 68.89428918590522]","[72.36180904522614, 69.89795918367348]"
V44,"[0, 0.7, 1]",1.3715006934585006,"[53.772986683576406, 46.22701331642359]","[55.44303797468354, 44.55696202531645]","[71.4622641509434, 68.3127572016461]","[72.6027397260274, 69.31818181818183]"
V44,"[0, 0.75, 1]",4.070225551400077,"[74.76220672162334, 25.237793278376664]","[76.70886075949367, 23.29113924050633]","[71.33163698049194, 66.08040201005025]","[75.24752475247524, 57.608695652173914]"
V44,"[0, 0.8, 1]",1.2819268332181846,"[85.66899175649968, 14.331008243500317]","[85.82278481012658, 14.177215189873419]","[71.35455218356773, 61.94690265486725]","[73.15634218289085, 58.92857142857143]"
V44,"[0, 0.85, 1]",4.890445325887963,"[97.65377298668358, 2.346227013316424]","[97.46835443037975, 2.5316455696202533]","[70.06493506493506, 67.56756756756756]","[71.68831168831169, 50.0]"
V44,"[0, 0.9, 1]",4.797955163682217,"[98.47812301838935, 1.5218769816106532]","[97.9746835443038, 2.0253164556962027]","[70.05795235028977, 66.66666666666666]","[71.57622739018088, 50.0]"
V45,"[0, 0.45, 1]",1.316286373885153,"[73.11350665821179, 26.886493341788203]","[74.17721518987341, 25.82278481012658]","[68.86383347788379, 73.11320754716981]","[69.6245733788396, 75.49019607843137]"
V45,"[0, 0.5, 1]",1.1092753559098005,"[74.31832593532023, 25.681674064679772]","[75.18987341772151, 24.81012658227848]","[68.68600682593856, 73.82716049382717]","[69.6969696969697, 75.51020408163265]"
V45,"[0, 0.55, 1]",0.8840827316996904,"[75.26949904882689, 24.730500951173113]","[75.9493670886076, 24.050632911392405]","[68.40775063184499, 74.87179487179488]","[69.66666666666667, 75.78947368421053]"
V45,"[0, 0.6, 1]",0.7932959333363492,"[75.77679137603045, 24.223208623969565]","[76.45569620253164, 23.544303797468356]","[68.45188284518828, 74.86910994764398]","[69.86754966887418, 75.26881720430107]"
V45,"[0, 0.65, 1]",0.7779075074535298,"[76.72796448953709, 23.272035510462903]","[77.21518987341773, 22.78481012658228]","[68.59504132231406, 74.65940054495913]","[69.83606557377048, 75.55555555555556]"
V45,"[0, 0.7, 1]",0.4737427527801392,"[77.86937222574508, 22.130627774254915]","[77.72151898734178, 22.278481012658226]","[68.64820846905538, 74.78510028653295]","[70.03257328990227, 75.0]"
V45,"[0, 0.75, 1]",0.9329190281593505,"[78.88395688015218, 21.116043119847813]","[78.22784810126582, 21.772151898734176]","[68.89067524115757, 74.17417417417418]","[69.90291262135922, 75.5813953488372]"
V45,"[0, 0.8, 1]",0.5888249701496617,"[80.3424223208624, 19.657577679137603]","[80.50632911392405, 19.49367088607595]","[68.90292028413575, 74.51612903225806]","[70.44025157232704, 74.02597402597402]"
V45,"[0, 0.85, 1]",0.6394721126588907,"[83.25935320228281, 16.740646797717183]","[83.54430379746836, 16.455696202531644]","[69.07844630616908, 74.62121212121212]","[70.3030303030303, 75.38461538461539]"
V45,"[0, 0.9, 1]",1.8068888246702808,"[89.60050729232721, 10.399492707672795]","[90.37974683544304, 9.620253164556962]","[69.42675159235668, 75.0]","[71.1484593837535, 71.05263157894737]"
V46,"[0, 0.45, 1]",1.8324987372324926,"[96.19530754597336, 3.804692454026633]","[97.21518987341771, 2.7848101265822782]","[69.74291364535267, 76.66666666666667]","[71.09375, 72.72727272727273]"
V46,"[0, 0.5, 1]",1.6969398591726677,"[96.25871908687381, 3.741280913126189]","[97.21518987341771, 2.7848101265822782]","[69.76284584980237, 76.27118644067797]","[71.09375, 72.72727272727273]"
V46,"[0, 0.55, 1]",1.6969398591726677,"[96.25871908687381, 3.741280913126189]","[97.21518987341771, 2.7848101265822782]","[69.76284584980237, 76.27118644067797]","[71.09375, 72.72727272727273]"
V46,"[0, 0.6, 1]",1.6969398591726677,"[96.25871908687381, 3.741280913126189]","[97.21518987341771, 2.7848101265822782]","[69.76284584980237, 76.27118644067797]","[71.09375, 72.72727272727273]"
V46,"[0, 0.65, 1]",1.557978229782466,"[96.32213062777424, 3.6778693722257447]","[97.21518987341771, 2.7848101265822782]","[69.78275181040158, 75.86206896551724]","[71.09375, 72.72727272727273]"
V46,"[0, 0.7, 1]",1.4154343986234994,"[96.3855421686747, 3.614457831325301]","[97.21518987341771, 2.7848101265822782]","[69.80263157894737, 75.43859649122807]","[71.09375, 72.72727272727273]"
V46,"[0, 0.75, 1]",1.4154343986234994,"[96.3855421686747, 3.614457831325301]","[97.21518987341771, 2.7848101265822782]","[69.80263157894737, 75.43859649122807]","[71.09375, 72.72727272727273]"
V46,"[0, 0.8, 1]",1.4154343986234994,"[96.3855421686747, 3.614457831325301]","[97.21518987341771, 2.7848101265822782]","[69.80263157894737, 75.43859649122807]","[71.09375, 72.72727272727273]"
V46,"[0, 0.85, 1]",2.2426051511304914,"[96.3855421686747, 3.614457831325301]","[97.46835443037975, 2.5316455696202533]","[69.80263157894737, 75.43859649122807]","[71.16883116883118, 70.0]"
V46,"[0, 0.9, 1]",18.2546632663055,"[98.73176918199113, 1.2682308180088777]","[99.49367088607595, 0.5063291139240507]","[70.00642260757868, 70.0]","[71.50127226463104, 0.0]"
V47,"[0, 0.45, 1]",0.8400882164888921,"[92.58084971464807, 7.419150285351934]","[92.15189873417722, 7.848101265822785]","[69.31506849315069, 78.63247863247864]","[70.6043956043956, 77.41935483870968]"
V47,"[0, 0.5, 1]",0.9102734264283994,"[92.89790741915029, 7.102092580849714]","[92.65822784810128, 7.341772151898734]","[69.419795221843, 77.67857142857143]","[70.76502732240438, 75.86206896551724]"
V47,"[0, 0.55, 1]",1.6841926320581377,"[93.08814204185161, 6.911857958148383]","[92.91139240506328, 7.088607594936709]","[69.27792915531336, 79.81651376146789]","[70.84468664850137, 75.0]"
V47,"[0, 0.6, 1]",1.2490470472652089,"[93.2149651236525, 6.7850348763474955]","[93.92405063291139, 6.075949367088607]","[69.18367346938776, 81.30841121495327]","[70.61994609164421, 79.16666666666666]"
V47,"[0, 0.65, 1]",1.3412393722508174,"[93.3417882054534, 6.658211794546608]","[93.92405063291139, 6.075949367088607]","[69.15760869565217, 81.9047619047619]","[70.61994609164421, 79.16666666666666]"
V47,"[0, 0.7, 1]",2.230303076156639,"[93.65884590995562, 6.3411540900443875]","[94.43037974683544, 5.5696202531645564]","[69.12660798916723, 83.0]","[70.77747989276139, 77.27272727272727]"
V47,"[0, 0.75, 1]",2.2728881034601622,"[94.29296131896005, 5.707038681039949]","[94.43037974683544, 5.5696202531645564]","[69.1324815063887, 84.44444444444444]","[70.77747989276139, 77.27272727272727]"
V47,"[0, 0.8, 1]",2.7926658588121605,"[94.73684210526315, 5.263157894736842]","[94.68354430379748, 5.3164556962025316]","[69.14323962516734, 85.54216867469879]","[70.85561497326202, 76.19047619047619]"
V47,"[0, 0.85, 1]",3.913397771973987,"[97.14648065948003, 2.8535193405199744]","[97.21518987341771, 2.7848101265822782]","[69.51697127937337, 86.66666666666667]","[71.09375, 72.72727272727273]"
V47,"[0, 0.9, 1]",4.666076796985512,"[97.59036144578313, 2.4096385542168677]","[97.46835443037975, 2.5316455696202533]","[69.5906432748538, 86.8421052631579]","[71.16883116883118, 70.0]"
V48,"[0, 0.45, 1]",2.3295425984018063,"[58.90932149651237, 41.09067850348763]","[55.69620253164557, 44.303797468354425]","[68.03013993541443, 72.8395061728395]","[67.72727272727272, 75.42857142857143]"
V48,"[0, 0.5, 1]",1.6522064724636838,"[62.143310082435, 37.85668991756499]","[59.74683544303797, 40.25316455696203]","[68.06122448979592, 73.19932998324958]","[69.49152542372882, 73.58490566037736]"
V48,"[0, 0.55, 1]",2.4893268208371477,"[65.37729866835764, 34.62270133164236]","[61.518987341772146, 38.48101265822785]","[67.79825412221145, 74.17582417582418]","[69.54732510288066, 73.68421052631578]"
V48,"[0, 0.6, 1]",1.846318240914333,"[68.16740646797717, 31.83259353202283]","[65.31645569620254, 34.68354430379747]","[67.53488372093022, 75.2988047808765]","[68.6046511627907, 75.91240875912408]"
V48,"[0, 0.65, 1]",2.4804166933746004,"[71.02092580849715, 28.979074191502853]","[67.34177215189874, 32.65822784810127]","[67.94642857142857, 75.054704595186]","[68.04511278195488, 77.51937984496125]"
V48,"[0, 0.7, 1]",2.2553877357014693,"[74.00126823081801, 25.998731769181994]","[70.12658227848101, 29.873417721518987]","[67.60925449871465, 76.82926829268293]","[68.59205776173285, 77.11864406779661]"
V48,"[0, 0.75, 1]",2.324061007009157,"[76.98161065313887, 23.018389346861127]","[72.9113924050633, 27.088607594936708]","[67.71004942339374, 77.68595041322314]","[68.75, 77.57009345794393]"
V48,"[0, 0.8, 1]",3.049636072446634,"[80.40583386176284, 19.59416613823716]","[76.20253164556962, 23.79746835443038]","[67.58675078864354, 79.93527508090615]","[69.10299003322258, 77.6595744680851]"
V48,"[0, 0.85, 1]",1.5560551802207923,"[84.9714648065948, 15.0285351934052]","[82.53164556962025, 17.468354430379744]","[68.50746268656717, 78.48101265822784]","[69.6319018404908, 78.26086956521739]"
V48,"[0, 0.9, 1]",2.682447413440892,"[91.37603043753964, 8.623969562460369]","[93.67088607594937, 6.329113924050633]","[68.77168632893824, 83.08823529411765]","[70.0, 88.0]"
V49,"[0, 0.45, 1]",1.2023607837882087,"[92.64426125554851, 7.3557387444514895]","[93.67088607594937, 6.329113924050633]","[69.33607118412046, 78.44827586206897]","[70.54054054054055, 80.0]"
V49,"[0, 0.5, 1]",2.1594143557773977,"[92.89790741915029, 7.102092580849714]","[93.92405063291139, 6.075949367088607]","[69.419795221843, 77.67857142857143]","[70.35040431266847, 83.33333333333334]"
V49,"[0, 0.55, 1]",1.7548766050058775,"[93.15155358275206, 6.8484464172479385]","[94.17721518987342, 5.822784810126582]","[69.36691626957113, 78.70370370370371]","[70.43010752688173, 82.6086956521739]"
V49,"[0, 0.6, 1]",1.812029212121378,"[93.40519974635384, 6.594800253646163]","[94.17721518987342, 5.822784810126582]","[69.4501018329939, 77.88461538461539]","[70.43010752688173, 82.6086956521739]"
V49,"[0, 0.65, 1]",2.88372402205981,"[93.59543436905517, 6.404565630944832]","[94.43037974683544, 5.5696202531645564]","[69.51219512195121, 77.22772277227723]","[70.24128686327077, 86.36363636363636]"
V49,"[0, 0.7, 1]",2.7365773713600614,"[93.91249207355739, 6.087507926442613]","[94.68354430379748, 5.3164556962025316]","[69.54760297096556, 77.08333333333334]","[70.32085561497327, 85.71428571428571]"
V49,"[0, 0.75, 1]",3.664883054999685,"[93.97590361445783, 6.024096385542169]","[94.9367088607595, 5.063291139240507]","[69.50067476383266, 77.89473684210526]","[70.13333333333334, 90.0]"
V49,"[0, 0.8, 1]",3.7494294808325006,"[94.16613823715916, 5.833861762840837]","[95.18987341772151, 4.810126582278481]","[69.56228956228956, 77.17391304347827]","[70.2127659574468, 89.47368421052632]"
V49,"[0, 0.85, 1]",3.419707345973664,"[94.67343056436272, 5.3265694356372855]","[95.69620253164557, 4.30379746835443]","[69.5914266577361, 77.38095238095238]","[70.37037037037037, 88.23529411764706]"
V49,"[0, 0.9, 1]",3.5187807208812423,"[94.86366518706404, 5.136334812935954]","[95.69620253164557, 4.30379746835443]","[69.6524064171123, 76.5432098765432]","[70.37037037037037, 88.23529411764706]"
